Aircraft,FlightType,Origin,Destination,Departure_Date,Departure_Time,Arrival_Date,Arrival_Time,EA_Time_Minutes,RA_Time_Minutes,Delay_Time
AAY2839,A320,Norfolk Intl (KORF),Orlando Sanford Intl (KSFB),04.03.2024,15:21,04.03.2024,17:01,92,122,30
AAY411,A320,Fort Lauderdale Intl (KFLL),Cincinnati/Northern Kentucky International Airport (KCVG),04.03.2024,15:21,04.03.2024,17:48,143,172,29
ABY552,A320,Sharjah Int'l (SHJ / OMSJ),Sialkot Int'l (SKT / OPST),05.03.2024,00:22,05.03.2024,03:57,155,165,10
AFR1384,A320,Charles de Gaulle/Roissy (CDG / LFPG),,04.03.2024,21:21,04.03.2024,23:29,127,143,16
AFR1748,A320,Charles de Gaulle/Roissy (CDG / LFPG),Malaga (AGP / LEMG),,,,,,,
AFR6144,A320,Paris Orly (ORY / LFPO),Toulouse-Blagnac (TLS / LFBO),04.03.2024,21:21,04.03.2024,22:20,60,70,10
AMC615,A320,Leonardo da Vinci Int'l (Fiumicino Int'l) (FCO / LIRF),Malta Int'l (Luqa) (MLA / LMML),04.03.2024,21:21,04.03.2024,22:31,70,69,-1
ARE4012,A320,El Dorado Int'l (BOG / SKBO),Jose Maria Cordova Int'l (MDE / SKRG),04.03.2024,15:21,04.03.2024,15:59,38,97,59
AVA221,A320,Punta Cana Int'l (PUJ / MDPC),Jose Maria Cordova Int'l (MDE / SKRG),04.03.2024,16:22,04.03.2024,17:41,139,159,20
AZU4239,A320,Viracopos Int'l (VCP / SBKP),Marechal Rondon (CGB / SBCY),04.03.2024,17:21,04.03.2024,18:06,106,126,20
BEL2629,A320,Brussels (BRU / EBBR),Hamburg (HAM / EDDH),04.03.2024,21:19,04.03.2024,22:00,50,90,40
BEL3731,A320,Brussels (BRU / EBBR),Adolfo Suárez Madrid-Barajas (MAD / LEMD),04.03.2024,21:21,04.03.2024,23:46,145,129,-16
CEB563,A320,Manila Int'l (MNL / RPLL),Mactan-Cebu Int'l (CEB / RPVM),05.03.2024,04:22,05.03.2024,05:37,75,68,-7
CEB954,A320,Francisco Bangoy Int'l (DVO / RPMD),Manila Int'l (MNL / RPLL),05.03.2024,04:22,05.03.2024,06:02,100,100,0
DAL2674,A320,Reagan National (KDCA),Hartsfield-Jackson Intl (KATL),04.03.2024,15:20,04.03.2024,16:36,76,102,26
DLH1100,A320,Frankfurt Int'l (FRA / EDDF),Toulouse-Blagnac (TLS / LFBO),04.03.2024,21:20,04.03.2024,22:35,85,85,0
DLH1402,A320,Frankfurt Int'l (FRA / EDDF),Václav Havel Airport (PRG / LKPR),04.03.2024,21:21,04.03.2024,22:06,45,44,-1
EZY1304,A320,Nantes Atlantique (NTE / LFRS),Geneva Cointrin Int'l (GVA / LSGG),04.03.2024,21:21,04.03.2024,22:29,68,88,20
EZY2004,A320,Malaga (AGP / LEMG),Manchester (MAN / EGCC),04.03.2024,21:22,04.03.2024,22:52,150,169,19
EZY2286,A320,Al Massira (AGA / GMAD),Manchester (MAN / EGCC),04.03.2024,21:22,04.03.2024,23:50,197,239,42
EZY2426,A320,Nice Cote d'Azur (NCE / LFMN),London Luton (LTN / EGGW),04.03.2024,21:21,04.03.2024,22:11,110,130,20
LAN771,A320,Rio de Janeiro/Galeao Intl (GIG / SBGL),Comodoro Arturo Merino Benitez Int'l (SCL / SCEL),04.03.2024,17:22,04.03.2024,21:48,266,289,23
LPE2088,A320,Comandante FAP Guillermo del Castillo Paredes (TPP / SPST),Jorge Chávez Int'l (LIM / SPJC),04.03.2024,15:21,04.03.2024,16:19,58,68,10
NKS1592,A320,Newark Liberty Intl (KEWR),Nashville Intl (KBNA),04.03.2024,15:22,04.03.2024,16:14,112,136,24
QTR671,A320,Male Int'l (MLE / VRMM),Hamad Int'l (DOH / OTHH),05.03.2024,01:21,05.03.2024,04:15,275,297,22
SBI5566,A320,Tashkent (TAS / UTTT),Novosibirsk Tolmachevo (OVB / UNNT),05.03.2024,01:21,05.03.2024,05:51,150,150,0
SWR1950,A320,Zurich (Kloten) (ZRH / LSZH),Barcelona Int'l (BCN / LEBL),04.03.2024,21:20,04.03.2024,22:40,80,90,10
TAM3759,A320,Governador Jorge Teixeira de Oliveira Int'l (PVH / SBPV),São Paulo-Guarulhos Int'l (GRU / SBGR),04.03.2024,16:20,04.03.2024,20:45,205,215,10
UAL378,A320,Chicago O'Hare Intl (KORD),Boston Logan Intl (KBOS),04.03.2024,14:23,04.03.2024,17:31,128,158,30
VIV3243,A320,Hermanos Serdan Int'l (PBC / MMPB),Don Miguel Hidalgo y Costilla Int'l (GDL / MMGL),04.03.2024,14:22,04.03.2024,15:32,70,88,18
VLG8936,A320,Menorca (MAH / LEMH),Guararapes Int'l (Gilberto Freyre Int'l) (REC / SBRF),04.03.2024,21:21,04.03.2024,19:33,133,145,12
AAY935,A320,Punta Gorda (KPGD),Springfield (KSGF),04.03.2024,15:44,04.03.2024,17:19,138,178,40
AFR7466,A320,Charles de Gaulle/Roissy (CDG / LFPG),Montpellier (MPL / LFMT),04.03.2024,21:44,04.03.2024,22:55,78,88,10
ANZ676,A320,Dunedin Int'l (DUD / NZDN),Auckland (AKL / NZAA),05.03.2024,09:42,05.03.2024,11:23,86,115,29
ARE4065,A320,El Dorado Int'l (BOG / SKBO),Alfonso Bonilla Aragon Int'l (CLO / SKCL),04.03.2024,15:42,04.03.2024,16:27,45,109,64
ARE4377,A320,Matecana Int'l (PEI / SKPE),Jose Maria Cordova Int'l (MDE / SKRG),04.03.2024,15:44,04.03.2024,16:05,21,30,9
AVA4874,A320,El Dorado Int'l (BOG / SKBO),El Alcaravan (EYP / SKYP),04.03.2024,15:45,04.03.2024,15:52,6,36,30
AVA9274,A320,Alfonso Bonilla Aragon Int'l (CLO / SKCL),Jose Maria Cordova Int'l (MDE / SKRG),04.03.2024,15:45,04.03.2024,16:18,33,53,20
AZU4419,A320,Marechal Rondon (CGB / SBCY),Tancredo Neves Int'l (CNF / SBCF),04.03.2024,16:44,04.03.2024,19:38,114,133,19
BAW465,A320,Adolfo Suárez Madrid-Barajas (MAD / LEMD),London Heathrow (LHR / EGLL),04.03.2024,21:46,04.03.2024,22:18,92,123,31
CSZ9006,A320,Suvarnabhumi Bangkok Int'l (BKK / VTBS),Shenzhen Bao'an Int'l (SZX / ZGSZ),05.03.2024,03:46,05.03.2024,07:02,136,149,13
DAL1369,A320,Gerald R Ford Intl (KGRR),Hartsfield-Jackson Intl (KATL),04.03.2024,15:42,04.03.2024,17:17,95,124,29
DAL2432,A320,Orlando Intl (KMCO),Raleigh-Durham Intl (KRDU),04.03.2024,15:44,04.03.2024,16:55,76,93,17
DLH2238,A320,Munich Int'l (MUC / EDDM),Charles de Gaulle/Roissy (CDG / LFPG),04.03.2024,21:44,04.03.2024,23:04,80,76,-4
EZY1328,A320,Nice Cote d'Azur (NCE / LFMN),Geneva Cointrin Int'l (GVA / LSGG),04.03.2024,21:43,04.03.2024,22:18,35,54,19
EZY2462,A320,General Humberto Delgado Airport (LIS / LPPT),London Luton (LTN / EGGW),04.03.2024,20:45,04.03.2024,23:08,143,163,20
EZY2716,A320,Malaga (AGP / LEMG),Bristol Int'l (BRS / EGGD),04.03.2024,21:43,04.03.2024,23:50,187,211,24
EZY3200,A320,Tenerife South (Reina Sofia) (TFS / GCTS),Edinburgh (EDI / EGPH),04.03.2024,20:46,05.03.2024,00:58,252,253,1
EZY7707,A320,Charles de Gaulle/Roissy (CDG / LFPG),Porto / Oporto (OPO / LPPR),04.03.2024,21:43,04.03.2024,22:34,111,130,19
EZY8686,A320,Amsterdam Schiphol (AMS / EHAM),London Gatwick (LGW / EGKK),04.03.2024,21:43,04.03.2024,21:28,45,68,23
FAD323,A320,King Abdulaziz Int'l (JED / OEJN),King Fahd Int'l (DMM / OEDF),04.03.2024,23:44,05.03.2024,01:19,95,95,0
HIM873,A320,Kuala Lumpur Int'l (KUL / WMKK),Tribhuvan Int'l (KTM / VNKT),05.03.2024,04:46,05.03.2024,06:51,260,260,0
IBE3034,A320,Adolfo Suárez Madrid-Barajas (MAD / LEMD),Barcelona Int'l (BCN / LEBL),04.03.2024,21:45,04.03.2024,22:45,60,78,18
ITY78,A320,Leonardo da Vinci Int'l (Fiumicino Int'l) (FCO / LIRF),Barcelona Int'l (BCN / LEBL),04.03.2024,21:46,04.03.2024,23:16,90,113,23
JBU1252,A320,Southwest Florida Intl (KRSW),Westchester County (KHPN),04.03.2024,15:44,04.03.2024,18:27,157,189,32
JBU1366,A320,Cancun Int'l (CUN / MMUN),Tampa Intl (KTPA),04.03.2024,15:46,04.03.2024,17:15,89,117,28
JBU1680,A320,Fort Lauderdale Intl (KFLL),Reagan National (KDCA),04.03.2024,15:43,04.03.2024,17:37,139,138,-1
LDA7212,A320,Cologne Bonn (CGN / EDDK),Palma de Mallorca (or Son Sant Joan) (PMI / LEPA),04.03.2024,21:45,04.03.2024,23:47,206,227,21
NKS1085,A320,Miami Intl (KMIA),Minneapolis/St Paul Intl (KMSP),04.03.2024,15:42,04.03.2024,18:09,175,230,55
NKS886,A320,Queen Beatrix Int'l (AUA / TNCA),Fort Lauderdale Intl (KFLL),04.03.2024,16:44,04.03.2024,18:39,80,189,109
SKX5138,A320,Rodriguez Ballon Int'l (AQP / SPQU),Jorge Chávez Int'l (LIM / SPJC),04.03.2024,15:46,04.03.2024,17:06,125,100,-25
SWR1254,A320,Zurich (Kloten) (ZRH / LSZH),Stockholm-Arlanda (ARN / ESSA),04.03.2024,21:42,04.03.2024,23:47,65,144,79
SWR962,A320,Zurich (Kloten) (ZRH / LSZH),Berlin-Brandenburg (BER / EDDB),04.03.2024,21:44,04.03.2024,22:49,40,86,46
TAM3070,A320,São Paulo-Congonhas (CGH / SBSP),Afonso Pena Int'l (CWB / SBCT),04.03.2024,17:45,04.03.2024,18:25,55,35,-20
TAM3481,A320,Afonso Pena Int'l (CWB / SBCT),Foz do Iguacu Int'l (Cataratas Int'l) (IGU / SBFI),04.03.2024,17:44,04.03.2024,18:35,140,155,15
TAM3743,A320,Pinto Martins Int'l (FOR / SBFZ),Presidente Juscelino Kubitschek Int'l (BSB / SBBR),04.03.2024,17:42,04.03.2024,20:02,173,150,-23
UAL1245,A320,Salt Lake City Intl (KSLC),Houston Bush Int'ctl (KIAH),04.03.2024,13:44,04.03.2024,17:37,65,198,133
UAL250,A320,Albuquerque Intl Sunport (KABQ),Denver Intl (KDEN),04.03.2024,13:44,04.03.2024,14:49,150,154,4
UAL535,A320,Denver Intl (KDEN),San Jose Int'l (KSJC),04.03.2024,13:46,04.03.2024,15:16,84,171,87
VIV570,A320,Queretaro Intercontinental Airport (QRO / MMQT),San Antonio Intl (KSAT),04.03.2024,14:44,04.03.2024,16:40,116,126,10
AVA5217,A320,Simon Bolivar (SMR / SKSM),El Dorado Int'l (BOG / SKBO),04.03.2024,16:25,04.03.2024,17:24,37,45,8
DLH1410,A320,Frankfurt Int'l (FRA / EDDF),Belgrade Nikola Tesla Int'l (BEG / LYBE),04.03.2024,22:24,04.03.2024,23:55,95,110,15
ITY1783,A320,Leonardo da Vinci Int'l (Fiumicino Int'l) (FCO / LIRF),Palermo Int'l (Punta Raisi Falcone-Borsellino) (PMO / LICJ),04.03.2024,22:24,04.03.2024,23:09,32,40,8
NKS2047,A320,Orlando Intl (KMCO),Manchester Boston Rgnl (KMHT),04.03.2024,16:24,04.03.2024,18:58,155,173,18
TAP1936,A320,General Humberto Delgado Airport (LIS / LPPT),Porto / Oporto (OPO / LPPR),04.03.2024,21:24,04.03.2024,22:06,42,55,13
AAY2665,A320,Pittsburgh Intl (KPIT),Clearwater Intl (KPIE),04.03.2024,16:24,04.03.2024,18:35,122,135,13
LDA2367,A320,Košice Int'l (KSC / LZKZ),London Stansted (STN / EGSS),04.03.2024,22:24,04.03.2024,23:22,101,108,7
ANZ418,A320,Wellington Int'l (WLG / NZWN),Auckland (AKL / NZAA),05.03.2024,10:24,05.03.2024,11:16,42,58,16
GAP2836,A320,Mactan-Cebu Int'l (CEB / RPVM),Manila Int'l (MNL / RPLL),05.03.2024,05:24,05.03.2024,06:29,65,80,15
PGT2206,A320,Istanbul Sabiha Gokcen Int'l (SAW / LTFJ),İzmir Adnan Menderes Int'l (ADB / LTBJ),05.03.2024,00:24,05.03.2024,01:00,55,70,15
TAM4511,A320,Campo Grande Int'l (CGR / SBCG),Presidente Juscelino Kubitschek Int'l (BSB / SBBR),04.03.2024,17:24,04.03.2024,19:25,70,95,25
GAP2557,A320,Manila Int'l (MNL / RPLL),Dipolog (DPL / RPMG),05.03.2024,05:23,05.03.2024,06:09,70,90,20
AAY3187,A320,Punta Gorda (KPGD),Appleton Intl (KATW),05.03.2024,16:10,05.03.2024,18:09,152,162,10
ABY945,A320,Kazan (KZN / UWKD),Sharjah Int'l (SHJ / OMSJ),06.03.2024,00:11,06.03.2024,05:51,280,280,0
AEE218,A320,Athens Int'l  Eleftherios Venizelos (ATH / LGAV),Rhodes Int'l  Diagoras (RHO / LGRP),05.03.2024,23:10,05.03.2024,23:59,25,59,34
AVA4813,A320,El Dorado Int'l (BOG / SKBO),El Alcaravan (EYP / SKYP),05.03.2024,16:09,05.03.2024,16:36,41,61,20
AVA8518,A320,Matecana Int'l (PEI / SKPE),El Dorado Int'l (BOG / SKBO),05.03.2024,16:13,05.03.2024,16:51,38,62,24
AVA8598,A320,Antonio Narino (PSO / SKPS),El Dorado Int'l (BOG / SKBO),05.03.2024,16:13,05.03.2024,16:33,20,78,58
AVA9205,A320,El Dorado Int'l (BOG / SKBO),Alfonso Bonilla Aragon Int'l (CLO / SKCL),05.03.2024,16:10,05.03.2024,17:00,50,99,49
AVA9547,A320,Rafael Nunez Int'l (CTG / SKCG),El Dorado Int'l (BOG / SKBO),05.03.2024,16:08,05.03.2024,16:43,35,91,56
CEB203,A320,Mactan-Cebu Int'l (CEB / RPVM),Laguindingan Intl (CGY / RPMY),06.03.2024,05:10,06.03.2024,05:45,35,35,0
CEB551,A320,Manila Int'l (MNL / RPLL),Mactan-Cebu Int'l (CEB / RPVM),06.03.2024,05:11,06.03.2024,06:05,55,64,9
DAL1389,A320,Detroit Metro Wayne Co (KDTW),Boston Logan Intl (KBOS),05.03.2024,16:09,05.03.2024,17:30,81,110,29
DAL2050,A320,Hartsfield-Jackson Intl (KATL),Buffalo Niagara Intl (KBUF),05.03.2024,16:08,05.03.2024,17:36,88,113,25
DAL2260,A320,Austin-Bergstrom Intl (KAUS),Harry Reid Intl (KLAS),05.03.2024,15:12,05.03.2024,15:49,158,181,23
EZY2114,A320,Charles de Gaulle/Roissy (CDG / LFPG),Manchester (MAN / EGCC),05.03.2024,22:10,05.03.2024,22:00,60,82,22
EZY2168,A320,Amsterdam Schiphol (AMS / EHAM),Manchester (MAN / EGCC),05.03.2024,22:11,05.03.2024,22:05,57,75,18
EZY3302,A320,Amsterdam Schiphol (AMS / EHAM),Edinburgh (EDI / EGPH),05.03.2024,22:13,05.03.2024,22:16,63,75,12
EZY7652,A320,Adolfo Suárez Madrid-Barajas (MAD / LEMD),General Humberto Delgado Airport (LIS / LPPT),05.03.2024,22:13,05.03.2024,22:12,59,73,14
GAP2203,A320,Manila Int'l (MNL / RPLL),Roxas (RXS / RPVR),06.03.2024,05:09,06.03.2024,05:30,21,94,73
GAP2967,A320,Manila Int'l (MNL / RPLL),Bancasi (Butuan) (BXU / RPME),06.03.2024,05:13,06.03.2024,06:33,80,112,32
IBS3849,A320,Gran Canaria Int'l (LPA / GCLP),Adolfo Suárez Madrid-Barajas (MAD / LEMD),05.03.2024,21:13,06.03.2024,00:22,129,142,13
ITY1603,A320,Leonardo da Vinci Int'l (Fiumicino Int'l) (FCO / LIRF),Palese Macchie (BRI / LIBD),05.03.2024,22:11,05.03.2024,23:04,45,67,22
JBU1130,A320,Fort Lauderdale Intl (KFLL),Charleston Intl/AFB (KCHS),05.03.2024,16:12,05.03.2024,17:21,65,90,25
JBU1754,A320,Luis Munoz Marin Intl (SJU / TJSJ),Fort Lauderdale Intl (KFLL),05.03.2024,17:09,05.03.2024,18:33,163,179,16
JBU371,A320,LaGuardia (KLGA),Fort Lauderdale Intl (KFLL),05.03.2024,16:10,05.03.2024,18:35,178,186,8
JST403,A320,Gold Coast (OOL / YBCG),Sydney (SYD / YSSY),06.03.2024,07:11,06.03.2024,09:21,50,80,30
JZR228,A320,King Khalid Int'l (RUH / OERK),Kuwait Int'l (KWI / OKKK),06.03.2024,00:11,06.03.2024,01:01,50,60,10
KAC382,A320,Indira Gandhi Int'l (DEL / VIDP),Kuwait Int'l (KWI / OKKK),06.03.2024,02:40,06.03.2024,04:55,285,295,10
LPE2330,A320,Jorge Chávez Int'l (LIM / SPJC),Rodriguez Ballon Int'l (AQP / SPQU),05.03.2024,16:09,05.03.2024,17:24,75,99,24
PIA258,A320,Sharjah Int'l (SHJ / OMSJ),Peshawar Int'l (PEW / OPPS),06.03.2024,01:10,06.03.2024,04:40,150,160,10
SVA1054,A320,King Abdulaziz Int'l (JED / OEJN),King Khalid Int'l (RUH / OERK),06.03.2024,00:10,06.03.2024,01:35,85,95,10
TAI316,A320,Tocumen Int'l (PTY / MPTO),El Salvador Int'l (SAL / MSLP),05.03.2024,16:09,05.03.2024,16:33,84,125,41
TAM3102,A320,São Paulo-Congonhas (CGH / SBSP),Santa Genoveva (GYN / SBGO),05.03.2024,18:12,05.03.2024,19:37,85,95,10
TAM3631,A320,Deputado Luis Eduardo Magalhaes Int'l (Dois de Julho) (SSA / SBSV),São Paulo-Congonhas (CGH / SBSP),05.03.2024,18:12,05.03.2024,20:32,140,150,10
TAP1549,A320,General Humberto Delgado Airport (LIS / LPPT),Amilcar Cabral Int'l (SID / GVAC),05.03.2024,21:12,06.03.2024,00:02,230,247,17
THA314,A320,Netaji Subhash Chandra Bose Int'l (CCU / VECC),Suvarnabhumi Bangkok Int'l (BKK / VTBS),06.03.2024,02:42,06.03.2024,06:17,125,135,10
UAL1243,A320,Lic. Gustavo Diaz Ordaz Int'l (PVR / MMPR),San Francisco Int'l (KSFO),05.03.2024,15:09,05.03.2024,17:05,237,266,29
VOI135,A320,Xoxocotlan Int'l (OAX / MMOX),Cancun Int'l (CUN / MMUN),05.03.2024,15:12,05.03.2024,17:55,103,125,22
AAL1571,A320,John Glenn Columbus Intl Airport (KCMH),Charlotte/Douglas Intl (KCLT),05.03.2024,16:27,05.03.2024,17:23,54,85,31
AAL1742,A320,General Mariano Escobedo Int'l (MTY / MMMY),Dallas-Fort Worth Intl (KDFW),05.03.2024,15:26,05.03.2024,16:54,83,103,20
AAL2840,A320,Chicago O'Hare Intl (KORD),Philadelphia Intl (KPHL),05.03.2024,15:25,05.03.2024,17:58,97,109,12
ANZ418,A320,Wellington Int'l (WLG / NZWN),Auckland (AKL / NZAA),06.03.2024,10:24,06.03.2024,11:08,39,59,20
ARE4005,A320,Jose Maria Cordova Int'l (MDE / SKRG),El Dorado Int'l (BOG / SKBO),05.03.2024,16:29,05.03.2024,17:02,33,37,4
ARE4176,A320,El Dorado Int'l (BOG / SKBO),Palonegro (BGA / SKBG),05.03.2024,16:24,05.03.2024,16:55,13,43,30
AUA220,A320,Frankfurt Int'l (FRA / EDDF),Vienna Int'l (Schwechat) (VIE / LOWW),05.03.2024,22:26,05.03.2024,23:16,56,60,4
AVA9552,A320,El Dorado Int'l (BOG / SKBO),Rafael Nunez Int'l (CTG / SKCG),05.03.2024,16:28,05.03.2024,17:43,75,75,0
AVA9776,A320,El Dorado Int'l (BOG / SKBO),Gustavo Rojas Pinilla Int'l (Sesquicentenario) (ADZ / SKSP),05.03.2024,16:29,05.03.2024,17:57,112,114,2
AZU2700,A320,Viracopos Int'l (VCP / SBKP),Campo Grande Int'l (CGR / SBCG),05.03.2024,18:25,05.03.2024,18:46,78,100,22
AZU4555,A320,Sinop (OPS / SBSI),Viracopos Int'l (VCP / SBKP),05.03.2024,17:24,05.03.2024,20:28,117,140,23
CRK764,A320,Suvarnabhumi Bangkok Int'l (BKK / VTBS),Hong Kong Int'l (HKG / VHHH),06.03.2024,04:24,06.03.2024,07:31,145,145,0
DAL715,A320,Minneapolis/St Paul Intl (KMSP),Chicago O'Hare Intl (KORD),05.03.2024,15:26,05.03.2024,16:21,55,70,15
DLH1682,A320,Munich Int'l (MUC / EDDM),Budapest Ferenc Liszt International Airport (BUD / LHBP),05.03.2024,22:26,05.03.2024,23:15,55,55,0
EZY318,A320,London Stansted (STN / EGSS),Edinburgh (EDI / EGPH),05.03.2024,21:25,05.03.2024,22:18,48,75,27
EZY340,A320,Birmingham Int'l (BHX / EGBB),Edinburgh (EDI / EGPH),05.03.2024,21:24,05.03.2024,22:19,39,65,26
EZY7756,A320,Madeira Int'l (Funchal) (FNC / LPMA),Porto / Oporto (OPO / LPPR),05.03.2024,21:28,05.03.2024,22:59,91,120,29
FAD764,A320,Cairo Int'l (CAI / HECA),King Abdulaziz Int'l (JED / OEJN),05.03.2024,23:27,06.03.2024,02:05,115,115,0
GXA6135,A320,Boeing Field Intl (KBFI),El Paso Intl (KELP),05.03.2024,13:29,05.03.2024,17:15,165,172,7
IBE442,A320,Adolfo Suárez Madrid-Barajas (MAD / LEMD),Bilbao (BIO / LEBB),05.03.2024,22:28,05.03.2024,23:13,45,45,0
IGO1027,A320,Rajiv Gandhi Int'l (HYD / VOHS),Singapore Changi (SIN / WSSS),06.03.2024,02:55,06.03.2024,09:34,270,260,-10
IYE611,A320,Cairo Int'l (CAI / HECA),Aden Int'l (ADE / OYAA),05.03.2024,23:24,06.03.2024,03:34,190,190,0
JST759,A320,Brisbane (BNE / YBBN),Hobart Int'l (HBA / YMHB),06.03.2024,07:25,06.03.2024,10:44,139,140,1
JZR735,A320,Kuwait Int'l (KWI / OKKK),Cairo Int'l (CAI / HECA),06.03.2024,00:29,06.03.2024,02:14,165,165,0
LAP1301,A320,Silvio Pettirossi Int'l (ASU / SGAS),São Paulo-Guarulhos Int'l (GRU / SBGR),05.03.2024,18:25,05.03.2024,20:15,110,110,0
LPE2145,A320,Jorge Chávez Int'l (LIM / SPJC),Capitan FAP Carlos Martinez de Pinillos (TRU / SPRU),05.03.2024,16:26,05.03.2024,17:21,55,55,0
LPE2411,A320,Jose Marti Int'l (HAV / MUHA),Jorge Chávez Int'l (LIM / SPJC),05.03.2024,16:28,05.03.2024,21:30,305,305,0
NKS2090,A320,Fort Lauderdale Intl (KFLL),Detroit Metro Wayne Co (KDTW),05.03.2024,16:24,05.03.2024,18:50,155,169,14
ROU1872,A320,Guanacaste (LIR / MRLB),Toronto Pearson Int'l (CYYZ),05.03.2024,15:27,05.03.2024,21:10,305,325,20
SIF714,A320,Jinnah Int'l (KHI / OPKC),King Abdulaziz Int'l (JED / OEJN),06.03.2024,02:26,06.03.2024,04:26,240,234,-6
SVA1002,A320,King Abdulaziz Int'l (JED / OEJN),King Khalid Int'l (RUH / OERK),06.03.2024,00:24,06.03.2024,01:48,85,114,29
TAI539,A320,Ramon Villeda Morales Int'l (SAP / MHLM),El Salvador Int'l (SAL / MSLP),05.03.2024,15:26,05.03.2024,15:46,20,40,20
UAL1095,A320,Roberts Fld (KRDM),Denver Intl (KDEN),05.03.2024,13:25,05.03.2024,16:16,115,102,-13
VIV2134,A320,Cancun Int'l (CUN / MMUN),Don Miguel Hidalgo y Costilla Int'l (GDL / MMGL),05.03.2024,16:29,05.03.2024,18:19,170,160,-10
VIV9066,A320,Del Bajio Guanajuato Int'l (BJX / MMLO),Abraham Gonzalez Int'l (CJS / MMCS),05.03.2024,15:29,05.03.2024,17:19,110,110,0
VLG3066,A320,Malaga (AGP / LEMG),Gran Canaria Int'l (LPA / GCLP),05.03.2024,22:26,05.03.2024,23:22,125,125,0
AAL1571,A320,John Glenn Columbus Intl Airport (KCMH),Charlotte/Douglas Intl (KCLT),05.03.2024,16:27,05.03.2024,17:23,54,85,31
TAM3760,A320,Presidente Juscelino Kubitschek Int'l (BSB / SBBR),Zumbi dos Palmares (Campo dos Palmares) (MCZ / SBMO),05.03.2024,18:16,05.03.2024,20:25,120,135,15
EZY3530,A320,Palese Macchie (BRI / LIBD),Malpensa Int'l (MXP / LIMC),05.03.2024,22:16,05.03.2024,23:37,79,95,16
NKS1148,A320,Orlando Intl (KMCO),Charlotte/Douglas Intl (KCLT),05.03.2024,16:16,05.03.2024,17:23,74,85,11
ANZ417,A320,Auckland (AKL / NZAA),Wellington Int'l (WLG / NZWN),06.03.2024,10:16,06.03.2024,11:06,59,70,11
WMT3762,A320,Bologna (Guglielmo Marconi) (BLQ / LIPE),Craiova (CRA / LRCV),05.03.2024,22:17,06.03.2024,00:55,100,125,25
AEE121,A320,"Thessaloniki Int'l, Makedonia (SKG / LGTS)","Athens Int'l, Eleftherios Venizelos (ATH / LGAV)",06.03.2024,18:13,06.03.2024,18:50,36,47,11
AFR1185,A320,Tunis-Carthage Int'l (TUN / DTTA),Charles de Gaulle/Roissy (CDG / LFPG),06.03.2024,17:13,06.03.2024,19:19,139,155,16
ALK172,A320,Bengaluru Int'l (BLR / VOBL),Bandaranaike Int'l (CMB / VCBI),06.03.2024,21:45,06.03.2024,22:55,70,85,15
AVA8590,A320,El Dorado Int'l (BOG / SKBO),Almirante Padilla (RCH / SKRH),06.03.2024,11:13,06.03.2024,12:29,76,96,20
AWQ109,A320,Penang Int'l (PEN / WMKP),Kuala Namu International (KNO / WIMM),07.03.2024,00:13,06.03.2024,23:43,30,30,0
AZU2835,A320,São Paulo-Guarulhos Int'l (GRU / SBGR),Marechal Rondon (CGB / SBCY),06.03.2024,13:12,06.03.2024,14:03,111,134,23
BAW368,A320,London Heathrow (LHR / EGLL),Marseille Provence (MRS / LFML),06.03.2024,16:14,06.03.2024,18:49,95,123,28
BAW866,A320,London Heathrow (LHR / EGLL),Budapest Ferenc Liszt International Airport (BUD / LHBP),06.03.2024,16:13,06.03.2024,19:23,143,162,19
BAW905,A320,Frankfurt Int'l (FRA / EDDF),London Heathrow (LHR / EGLL),06.03.2024,17:13,06.03.2024,17:16,74,91,17
BNL103,A320,Benina Int'l (BEN / HLLB),Tunis-Carthage Int'l (TUN / DTTA),06.03.2024,18:14,06.03.2024,18:44,90,90,0
CES2830,A320,Shenzhen Bao'an Int'l (SZX / ZGSZ),Nanjing Lukou Int'l (NKG / ZSNJ),07.03.2024,00:13,07.03.2024,01:42,89,111,22
DLH1679,A320,Budapest Ferenc Liszt International Airport (BUD / LHBP),Munich Int'l (MUC / EDDM),06.03.2024,17:14,06.03.2024,18:09,55,70,15
EJU1746,A320,Brussels (BRU / EBBR),Nice Cote d'Azur (NCE / LFMN),06.03.2024,17:14,06.03.2024,18:39,85,91,6
EJU7666,A320,Madeira Int'l (Funchal) (FNC / LPMA),General Humberto Delgado Airport (LIS / LPPT),06.03.2024,16:13,06.03.2024,17:27,74,86,12
EZY1568,A320,Budapest Ferenc Liszt International Airport (BUD / LHBP),Geneva Cointrin Int'l (GVA / LSGG),06.03.2024,17:13,06.03.2024,18:40,87,71,-16
EZY533,A320,Liverpool John Lennon (LPL / EGGP),George Best Belfast City (BHD / EGAC),06.03.2024,16:13,06.03.2024,16:46,32,47,15
EZY8404,A320,Charles de Gaulle/Roissy (CDG / LFPG),London Gatwick (LGW / EGKK),06.03.2024,17:12,06.03.2024,16:42,30,40,10
GBB212,A320,King Shaka Int'l (DUR / FALE),OR Tambo Int'l (JNB / FAOR),06.03.2024,18:13,06.03.2024,19:00,45,65,20
JBU953,A320,John F Kennedy Intl (KJFK),Palm Beach Intl (KPBI),06.03.2024,11:12,06.03.2024,13:48,171,157,-14
NKS3666,A320,New Orleans Intl (KMSY),Detroit Metro Wayne Co (KDTW),06.03.2024,10:12,06.03.2024,13:02,121,142,21
SAA422,A320,Port Elizabeth (PLZ / FAPE),OR Tambo Int'l (JNB / FAOR),06.03.2024,18:15,06.03.2024,19:30,75,94,19
UAL2180,A320,Los Cabos Int'l (SJD / MMSD),Houston Bush Int'ctl (KIAH),06.03.2024,09:14,06.03.2024,12:27,133,153,20
VTI864,A320,Bengaluru Int'l (BLR / VOBL),Chatrapati Shivaji Int'l (BOM / VABB),06.03.2024,21:43,06.03.2024,22:58,75,95,20
WMT4809,A320,Rinas Mother Teresa (TIA / LATI),Treviso (Sant'Angelo) (TSF / LIPH),06.03.2024,17:15,06.03.2024,18:40,85,85,0
AAL2325,A320,Charlotte/Douglas Intl (KCLT),Pensacola Intl (KPNS),06.03.2024,11:40,06.03.2024,11:56,76,102,26
AAY948,A320,General Downing - Peoria Intl (KPIA),Punta Gorda (KPGD),06.03.2024,10:40,06.03.2024,13:58,138,169,31
AIQ787,A320,Macau Int'l (MFM / VMMC),Don Muang Int'l (Old Bangkok Int'l) (DMK / VTBD),07.03.2024,00:37,07.03.2024,02:12,155,155,0
ARE4269,A320,Gustavo Rojas Pinilla Int'l (Sesquicentenario) (ADZ / SKSP),El Dorado Int'l (BOG / SKBO),06.03.2024,11:39,06.03.2024,13:18,102,122,20
AUA115,A320,Vienna Int'l (Schwechat) (VIE / LOWW),Munich Int'l (MUC / EDDM),06.03.2024,17:39,06.03.2024,18:19,40,60,20
AUA304,A320,Copenhagen (CPH / EKCH),Vienna Int'l (Schwechat) (VIE / LOWW),06.03.2024,17:40,06.03.2024,19:05,85,112,27
AUA375,A320,Vienna Int'l (Schwechat) (VIE / LOWW),Amsterdam Schiphol (AMS / EHAM),06.03.2024,17:40,06.03.2024,19:15,95,105,10
AVA50,A320,Jorge Chávez Int'l (LIM / SPJC),El Dorado Int'l (BOG / SKBO),06.03.2024,11:40,06.03.2024,13:43,123,206,83
AVA8515,A320,El Dorado Int'l (BOG / SKBO),Matecana Int'l (PEI / SKPE),06.03.2024,11:37,06.03.2024,11:53,39,59,20
AVA9481,A320,Palonegro (BGA / SKBG),El Dorado Int'l (BOG / SKBO),06.03.2024,11:37,06.03.2024,12:22,45,66,21
BAW480,A320,London Heathrow (LHR / EGLL),Barcelona Int'l (BCN / LEBL),06.03.2024,16:38,06.03.2024,19:14,114,128,14
CSZ9005,A320,Shenzhen Bao'an Int'l (SZX / ZGSZ),Suvarnabhumi Bangkok Int'l (BKK / VTBS),07.03.2024,00:39,07.03.2024,02:11,152,154,2
DAL1078,A320,Minneapolis/St Paul Intl (KMSP),Valley Intl (KHRL),06.03.2024,10:38,06.03.2024,13:24,166,189,23
DAL1626,A320,Minneapolis/St Paul Intl (KMSP),New Orleans Intl (KMSY),06.03.2024,10:37,06.03.2024,12:44,132,154,22
DAL2363,A320,Dallas-Fort Worth Intl (KDFW),Hartsfield-Jackson Intl (KATL),06.03.2024,10:38,06.03.2024,13:13,95,130,35
DLH84,A320,Frankfurt Int'l (FRA / EDDF),Dusseldorf Int'l (DUS / EDDL),06.03.2024,17:38,06.03.2024,18:03,25,40,15
EJU3517,A320,Malpensa Int'l (MXP / LIMC),Casale (BDS / LIBR),06.03.2024,17:39,06.03.2024,18:55,76,86,10
ETD283,A320,Cochin Int'l (Kochi Int'l) (COK / VOCI),Abu Dhabi Int'l (AUH / OMAA),06.03.2024,22:09,07.03.2024,00:32,233,254,21
EZS1465,A320,Geneva Cointrin Int'l (GVA / LSGG),General Humberto Delgado Airport (LIS / LPPT),06.03.2024,17:41,06.03.2024,18:46,125,135,10
EZY4057,A320,Marco Polo Int'l (Marco Polo Venice) (VCE / LIPZ),Bristol Int'l (BRS / EGGD),06.03.2024,17:38,06.03.2024,18:27,109,119,10
EZY821,A320,London Gatwick (LGW / EGKK),Belfast Int'l (BFS / EGAA),06.03.2024,16:38,06.03.2024,17:39,61,78,17
GFA63,A320,Thiruvananthapuram Int'l (TRV / VOTV),Bahrain Int'l (BAH / OBBI),06.03.2024,22:10,07.03.2024,00:05,265,290,25
GLG1682,A320,Jose Joaquin de Olmedo Int'l (GYE / SEGU),San Cristobal (SCY / SEST),06.03.2024,11:39,06.03.2024,12:10,91,112,21
IAD1132,A320,Bengaluru Int'l (BLR / VOBL),Cochin Int'l (Kochi Int'l) (COK / VOCI),06.03.2024,22:08,06.03.2024,22:53,45,55,10
ITY1733,A320,Leonardo da Vinci Int'l (Fiumicino Int'l) (FCO / LIRF),Catania-Fontanarossa Airport (CTA / LICC),06.03.2024,17:40,06.03.2024,18:35,55,80,25
JBU1135,A320,Cyril E King (STT / TIST),Luis Munoz Marin Intl (SJU / TJSJ),06.03.2024,12:39,06.03.2024,13:18,39,60,21
MSC469,A320,Cairo Int'l (CAI / HECA),King Khalid Int'l (RUH / OERK),06.03.2024,18:38,06.03.2024,22:03,145,155,10
NKS266,A320,Los Angeles Intl (KLAX),Philadelphia Intl (KPHL),06.03.2024,08:39,06.03.2024,16:07,273,293,20
NKS286,A320,Cancun Int'l (CUN / MMUN),Detroit Metro Wayne Co (KDTW),06.03.2024,11:38,06.03.2024,14:40,194,215,21
PIC6523,A320,Tan Son Nhat Int'l (SGN / VVTS),Phu Quoc International (PQC / VVPQ),06.03.2024,23:39,07.03.2024,00:24,45,55,10
TAM3650,A320,São Paulo-Congonhas (CGH / SBSP),Goiabeiras (VIX / SBVT),06.03.2024,13:39,06.03.2024,14:49,70,80,10
TAP436,A320,General Humberto Delgado Airport (LIS / LPPT),Paris Orly (ORY / LFPO),06.03.2024,16:38,06.03.2024,19:48,130,143,13
VIV112,A320,Lic. Benito Juarez Int'l (MEX / MMMX),Harry Reid Intl (KLAS),06.03.2024,10:37,06.03.2024,12:25,225,238,13
VIV3144,A320,Don Miguel Hidalgo y Costilla Int'l (GDL / MMGL),Angel Albino Corzo Int'l (TGZ / MMTG),06.03.2024,10:38,06.03.2024,12:18,100,117,17
VLG8472,A320,Valencia (VLC / LEVC),London Gatwick (LGW / EGKK),06.03.2024,17:41,06.03.2024,18:51,130,140,10
VTI565,A320,Chatrapati Shivaji Int'l (BOM / VABB),Jaipur (Sanganer) (JAI / VIJP),06.03.2024,22:08,06.03.2024,23:43,95,122,27
WMT3771,A320,Sibiu Int'l (SBZ / LRSB),London Luton (LTN / EGGW),06.03.2024,18:38,06.03.2024,19:35,170,177,7
WZZ4377,A320,Sofia Airport (SOF / LBSF),Copenhagen (CPH / EKCH),06.03.2024,18:40,06.03.2024,20:20,160,165,5
EZY8407,A320,London Gatwick (LGW / EGKK),Charles de Gaulle/Roissy (CDG / LFPG),06.03.2024,16:58,06.03.2024,18:46,48,75,27
FAD143,A320,King Khalid Int'l (RUH / OERK),King Abdulaziz Int'l (JED / OEJN),06.03.2024,19:56,06.03.2024,21:31,95,95,0
FAD508,A320,Dubai Int'l (DXB / OMDB),King Khalid Int'l (RUH / OERK),06.03.2024,20:56,06.03.2024,21:35,95,95,0
FIN456,A320,Oulu (OUL / EFOU),Helsinki-Vantaa (HEL / EFHK),06.03.2024,18:56,06.03.2024,19:37,45,45,0
HKE765,A320,Phuket Int'l (HKT / VTSP),Hong Kong Int'l (HKG / VHHH),06.03.2024,23:56,07.03.2024,03:49,185,185,0
IAD558,A320,Bengaluru Int'l (BLR / VOBL),Netaji Subhash Chandra Bose Int'l (CCU / VECC),06.03.2024,22:27,07.03.2024,00:22,115,130,15
LBT613,A320,Bologna (Guglielmo Marconi) (BLQ / LIPE),Tunis-Carthage Int'l (TUN / DTTA),06.03.2024,17:59,06.03.2024,19:19,80,86,6
LPE2111,A320,Jorge Chávez Int'l (LIM / SPJC),Rodriguez Ballon Int'l (AQP / SPQU),06.03.2024,11:57,06.03.2024,13:12,75,75,0
LPE2320,A320,Subteniente FAP Alejandro Velasco Astete Int'l (CUZ / SPZO),Padre Jose de Aldamiz Int'l (PEM / SPTU),06.03.2024,11:58,06.03.2024,12:35,40,47,7
NKS1619,A320,Pittsburgh Intl (KPIT),Orlando Intl (KMCO),06.03.2024,11:58,06.03.2024,13:58,120,126,6
QTR630,A320,Hamad Int'l (DOH / OTHH),Sialkot Int'l (SKT / OPST),06.03.2024,19:59,07.03.2024,01:14,195,190,-5
SAS1020,A320,Stockholm-Arlanda (ARN / ESSA),Skelleftea (SFT / ESNS),06.03.2024,17:58,06.03.2024,18:48,50,50,0
TAM3927,A320,Afonso Pena Int'l (CWB / SBCT),São Paulo-Congonhas (CGH / SBSP),06.03.2024,13:58,06.03.2024,14:43,45,45,0
TAP455,A320,Paris Orly (ORY / LFPO),Porto / Oporto (OPO / LPPR),06.03.2024,17:57,06.03.2024,18:50,113,110,-3
THY1845,A320,Istanbul Airport (IST / LTFM),"Athens Int'l, Eleftherios Venizelos (ATH / LGAV)",06.03.2024,19:57,06.03.2024,20:05,70,70,0
THY2612,A320,Istanbul Airport (IST / LTFM),Diyarbakir (DIY / LTCC),06.03.2024,19:58,06.03.2024,21:33,95,95,0
UAL2120,A320,Denver Intl (KDEN),New Orleans Intl (KMSY),06.03.2024,09:56,06.03.2024,12:59,123,159,36
VLG3916,A320,Barcelona Int'l (BCN / LEBL),Palma de Mallorca (or Son Sant Joan) (PMI / LEPA),06.03.2024,17:58,06.03.2024,18:32,33,30,-3
WAL522,A320,Miami Intl (KMIA),Ignacio Agramonte Int'l (CMW / MUCM),06.03.2024,11:57,06.03.2024,12:47,50,50,0
AFL1234,A320,Sheremetyevo Int'l (SVO / UUEE),Ufa Int'l (UFA / UWUU),07.03.2024,11:54,07.03.2024,15:15,96,91,-5
AFL1386,A320,Near Nizhny Novgorod,,07.03.2024,11:53,,,,,
AIQ3017,A320,Don Muang Int'l (Old Bangkok Int'l) (DMK / VTBD),Phuket Int'l (HKT / VTSP),07.03.2024,15:53,07.03.2024,17:08,75,80,5
AXM239,A320,Kota Kinabalu Int'l (BKI / WBKK),Hong Kong Int'l (HKG / VHHH),07.03.2024,16:54,07.03.2024,19:44,170,171,1
AXM385,A320,Jakarta-Soekarno-Hatta Int'l (CGK / WIII),Kuala Lumpur Int'l (KUL / WMKK),07.03.2024,15:55,07.03.2024,18:45,110,110,0
AXM5112,A320,Kuala Lumpur Int'l (KUL / WMKK),Kota Kinabalu Int'l (BKI / WBKK),07.03.2024,16:54,07.03.2024,19:09,135,135,0
CSC6796,A320,Shenzhen Bao'an Int'l (SZX / ZGSZ),Chengdu Tianfu Int'l (TFU / ZUTF),07.03.2024,16:54,07.03.2024,19:06,132,137,5
CTV195,A320,Ngurah Rai/Bali Intl (DPS / WADD),Halim Perdanakusuma Int'l (HLP / WIHH),07.03.2024,16:55,07.03.2024,17:25,90,120,30
EWG7581,A320,Palma de Mallorca (or Son Sant Joan) (PMI / LEPA),Hamburg (HAM / EDDH),07.03.2024,09:54,07.03.2024,12:24,150,160,10
EZY2184,A320,Geneva Cointrin Int'l (GVA / LSGG),Manchester (MAN / EGCC),07.03.2024,09:53,07.03.2024,10:05,72,102,30
EZY322,A320,Bristol Int'l (BRS / EGGD),Edinburgh (EDI / EGPH),07.03.2024,08:53,07.03.2024,09:29,36,56,20
OTC7771,A320,Changsha Huanghua Int'l (CSX / ZGHA),Chengdu Tianfu Int'l (TFU / ZUTF),07.03.2024,16:53,07.03.2024,18:34,101,125,24
PGT1261,A320,Istanbul Sabiha Gokcen Int'l (SAW / LTFJ),Rotterdam (RTM / EHRD),07.03.2024,11:55,07.03.2024,13:15,210,220,10
VTI691,A320,Indira Gandhi Int'l (DEL / VIDP),Sri Guru Ram Dass Jee International Airport (ATQ / VIAR),07.03.2024,14:24,07.03.2024,15:14,50,71,21
VTI819,A320,Indira Gandhi Int'l (DEL / VIDP),Bengaluru Int'l (BLR / VOBL),07.03.2024,14:23,07.03.2024,16:46,145,157,12
ABY624,A320,Sharjah Int'l (SHJ / OMSJ),Cairo Int'l (CAI / HECA),07.03.2024,13:22,07.03.2024,15:12,230,233,3
ADY730,A320,Abu Dhabi Int'l (AUH / OMAA),Heydar Aliyev Int'l (GYD / UBBB),07.03.2024,13:23,07.03.2024,16:13,170,170,0
AFR7304,A320,Charles de Gaulle/Roissy (CDG / LFPG),Nice Cote d'Azur (NCE / LFMN),07.03.2024,10:22,07.03.2024,11:33,71,96,25
APG777,A320,Manila Int'l (MNL / RPLL),Mactan-Cebu Int'l (CEB / RPVM),07.03.2024,17:22,07.03.2024,18:27,65,65,0
ARE4055,A320,El Dorado Int'l (BOG / SKBO),Alfonso Bonilla Aragon Int'l (CLO / SKCL),07.03.2024,04:22,07.03.2024,05:07,45,65,20
AWQ325,A320,Kuala Lumpur Int'l (KUL / WMKK),Juanda Int'l (SUB / WARR),07.03.2024,17:22,07.03.2024,18:52,150,150,0
AXM6085,A320,Sultan Azlan Shah (IPH / WMKI),Senai Int'l (Sultan Ismail Int'l) (JHB / WMKJ),07.03.2024,17:22,07.03.2024,18:07,45,45,0
VLG8722,A320,Barcelona Int'l (BCN / LEBL),Dublin Int'l (DUB / EIDW),07.03.2024,13:10,07.03.2024,14:38,148,168,20
CTV978,A320,Jakarta-Soekarno-Hatta Int'l (CGK / WIII),Kuala Namu International (KNO / WIMM),07.03.2024,16:22,07.03.2024,18:22,120,130,10
EZY8638,A320,Munich Int'l (MUC / EDDM),London Gatwick (LGW / EGKK),07.03.2024,10:22,07.03.2024,10:39,77,107,30
JJP517,A320,Narita Int'l (NRT / RJAA),Fukuoka (FUK / RJFF),07.03.2024,18:22,07.03.2024,20:27,125,135,10
LAO303,A320,Wattay Int'l (VTE / VLVT),Pakse (PKZ / VLPS),07.03.2024,16:23,07.03.2024,17:18,55,55,0
NWK1610,A320,Perth Int'l (PER / YPPH),Kalgoorlie-Boulder (KGI / YPKG),07.03.2024,17:23,07.03.2024,18:09,36,70,34
TAM3056,A320,São Paulo-Congonhas (CGH / SBSP),Afonso Pena Int'l (CWB / SBCT),07.03.2024,06:23,07.03.2024,07:08,45,57,12
VJC1831,A320,Tan Son Nhat Int'l (SGN / VVTS),Wattay Int'l (VTE / VLVT),07.03.2024,16:22,07.03.2024,17:47,85,83,-2
ANA1272,A320,New Chitose (CTS / RJCC),Hiroshima (HIJ / RJOA),07.03.2024,18:56,07.03.2024,20:51,115,115,0
ANA387,A320,Tokyo Int'l (Haneda) (HND / RJTT),Miho Airfield (Yonago) (YGJ / RJOH),07.03.2024,18:57,07.03.2024,20:02,65,65,0
AVA9653,A320,Jose Maria Cordova Int'l (MDE / SKRG),El Dorado Int'l (BOG / SKBO),07.03.2024,04:56,07.03.2024,05:30,34,43,9
AVA9785,A320,Rafael Nunez Int'l (CTG / SKCG),El Dorado Int'l (BOG / SKBO),07.03.2024,04:56,07.03.2024,05:18,22,57,35
AWQ508,A320,Ngurah Rai/Bali Intl (DPS / WADD),Singapore Changi (SIN / WSSS),07.03.2024,17:57,07.03.2024,20:27,150,140,-10
AWQ647,A320,Komodo (LBJ / WATO),Ngurah Rai/Bali Intl (DPS / WADD),07.03.2024,17:57,07.03.2024,18:47,50,50,0
AXM1771,A320,Kuching Int'l (KCH / WBGG),Singapore Changi (SIN / WSSS),07.03.2024,17:56,07.03.2024,19:21,85,75,-10
AXM5412,A320,Senai Int'l (Sultan Ismail Int'l) (JHB / WMKJ),Kuching Int'l (KCH / WBGG),07.03.2024,17:57,07.03.2024,19:02,65,65,0
AXM6183,A320,Miri (MYY / WBGR),Kuching Int'l (KCH / WBGG),07.03.2024,17:57,07.03.2024,18:37,40,48,8
BEL3751,A320,Brussels (BRU / EBBR),Valencia (VLC / LEVC),07.03.2024,10:56,07.03.2024,12:51,115,115,0
CES596,A320,Hong Kong Int'l (HKG / VHHH),Hangzhou Xiaoshan Int'l (HGH / ZSHC),07.03.2024,17:56,07.03.2024,19:43,107,135,28
CES6405,A320,Nanchang Changbei Int'l (KHN / ZSCN),Taiyuan Wusu (TYN / ZBYN),07.03.2024,17:56,07.03.2024,19:40,104,125,21
CSC6908,A320,Fuzhou Changle Int'l (FOC / ZSFZ),Chengdu Tianfu Int'l (TFU / ZUTF),07.03.2024,17:55,07.03.2024,20:50,175,190,15
CSN3452,A320,Kunming Changshui Int'l (KMG / ZPPP),Shenzhen Bao'an Int'l (SZX / ZGSZ),07.03.2024,17:56,07.03.2024,19:33,97,100,3
CTV412,A320,Jakarta-Soekarno-Hatta Int'l (CGK / WIII),Supadio (PNK / WIOO),07.03.2024,16:56,07.03.2024,18:16,80,100,20
EZY2106,A320,Charles de Gaulle/Roissy (CDG / LFPG),Manchester (MAN / EGCC),07.03.2024,10:57,07.03.2024,10:45,48,85,37
EZY2260,A320,Keflavik Int'l (KEF / BIKF),Manchester (MAN / EGCC),07.03.2024,09:57,07.03.2024,12:07,130,160,30
IGO5328,A320,Chatrapati Shivaji Int'l (BOM / VABB),Raipur (RPR / VERP),07.03.2024,15:27,07.03.2024,16:47,80,85,5
JST534,A320,Melbourne Tullamarine (MEL / YMML),Sydney (SYD / YSSY),07.03.2024,20:57,07.03.2024,22:00,50,70,20
SAA40,A320,OR Tambo Int'l (JNB / FAOR),Victoria Falls (FVFA),07.03.2024,11:57,07.03.2024,13:12,75,75,0
VOI953,A320,Fresno Yosemite Intl (KFAT),Don Miguel Hidalgo y Costilla Int'l (GDL / MMGL),07.03.2024,01:57,07.03.2024,07:09,192,202,10
AFL1842,A320,Sheremetyevo Int'l (SVO / UUEE),Minsk Int'l (MSQ / UMMS),07.03.2024,13:20,07.03.2024,14:25,81,75,-6
AFL2814,A320,Pulkovo (LED / ULLI),Adler-Sochi Int'l (AER / URSS),07.03.2024,13:20,07.03.2024,17:32,252,275,23
AHY8105,A320,Heydar Aliyev Int'l (GYD / UBBB),Istanbul Sabiha Gokcen Int'l (SAW / LTFJ),07.03.2024,14:21,07.03.2024,16:01,160,180,20
ARE4093,A320,Rafael Nunez Int'l (CTG / SKCG),El Dorado Int'l (BOG / SKBO),07.03.2024,05:19,07.03.2024,06:34,75,94,19
ARE4150,A320,El Dorado Int'l (BOG / SKBO),Simon Bolivar (SMR / SKSM),07.03.2024,05:18,07.03.2024,06:20,75,72,-3
AVA8452,A320,El Dorado Int'l (BOG / SKBO),Rafael Nunez Int'l (CTG / SKCG),07.03.2024,05:20,07.03.2024,06:31,71,91,20
AWQ463,A320,Lombok International (LOP / WADL),Kuala Lumpur Int'l (KUL / WMKK),07.03.2024,18:20,07.03.2024,21:00,160,160,0
BTK6372,A320,Jakarta-Soekarno-Hatta Int'l (CGK / WIII),Yogyakarta International Airport (YIA / WAHI),07.03.2024,17:19,07.03.2024,18:14,55,65,10
CCA2683,A320,Chengdu Tianfu Int'l (TFU / ZUTF),Jieyang Chaoshan International Airport (SWA / ZGOW),07.03.2024,18:22,07.03.2024,20:27,125,127,2
CCA8294,A320,Chengdu Tianfu Int'l (TFU / ZUTF),Wuhan Tianhe (WUH / ZHHH),07.03.2024,18:18,07.03.2024,19:39,84,93,9
CES6127,A320,Chengdu Tianfu Int'l (TFU / ZUTF),Zhanjiang (ZHA / ZGZJ),07.03.2024,18:20,07.03.2024,20:11,110,115,5
CSC6426,A320,Dalian Zhoushuizi Int'l (DLC / ZYTL),Rizhao Shanzihe (RIZ / ZSRZ),07.03.2024,18:20,07.03.2024,19:16,56,66,10
CSC8767,A320,Chengdu Shuangliu Int'l (CTU / ZUUU),Changsha Huanghua Int'l (CSX / ZGHA),07.03.2024,18:21,07.03.2024,19:48,83,97,14
CSN3040,A320,Singapore Changi (SIN / WSSS),Guangzhou Baiyun Int'l (CAN / ZGGG),07.03.2024,18:21,07.03.2024,21:59,217,227,10
CTV172,A320,Halim Perdanakusuma Int'l (HLP / WIHH),Juanda Int'l (SUB / WARR),07.03.2024,17:20,07.03.2024,18:25,65,90,25
EJU3807,A320,Malpensa Int'l (MXP / LIMC),Charles de Gaulle/Roissy (CDG / LFPG),07.03.2024,11:20,07.03.2024,12:10,50,85,35
EJU4592,A320,General Humberto Delgado Airport (LIS / LPPT),Charles de Gaulle/Roissy (CDG / LFPG),08.03.2024,10:20,08.03.2024,13:14,114,142,28
EZS1591,A320,Geneva Cointrin Int'l (GVA / LSGG),Skopje (SKP / LWSK),08.03.2024,11:19,08.03.2024,13:00,91,121,30
EZY2952,A320,Innsbruck (Kranebitten) (INN / LOWI),Bristol Int'l (BRS / EGGD),08.03.2024,11:22,08.03.2024,11:47,85,115,30
EZY7774,A320,Luxembourg Int'l (LUX / ELLX),Porto / Oporto (OPO / LPPR),08.03.2024,11:18,08.03.2024,12:22,123,143,20
FIN1362,A320,Manchester (MAN / EGCC),Helsinki-Vantaa (HEL / EFHK),08.03.2024,10:19,08.03.2024,14:58,150,180,30
GBB209,A320,OR Tambo Int'l (JNB / FAOR),King Shaka Int'l (DUR / FALE),08.03.2024,12:18,08.03.2024,12:56,38,48,10
GPX810,A320,Pristina (PRN / BKPR),Basle-Mulhouse (EAP / LFSB),08.03.2024,11:20,08.03.2024,13:00,100,100,0
IBE3010,A320,Adolfo Suárez Madrid-Barajas (MAD / LEMD),Barcelona Int'l (BCN / LEBL),08.03.2024,11:21,08.03.2024,12:21,60,70,10
JST532,A320,Melbourne Tullamarine (MEL / YMML),Sydney (SYD / YSSY),08.03.2024,21:19,08.03.2024,22:25,49,76,27
JST612,A320,Avalon (AVV / YMAV),Sydney (SYD / YSSY),08.03.2024,21:19,08.03.2024,22:25,51,76,25
ABY221,A320,Sharjah Int'l (SHJ / OMSJ),al-Jouf Domestic (AJF / OESK),08.03.2024,14:37,08.03.2024,16:12,155,175,20
AFL1387,A320,Ulyanovsk Baratayeveka Airport (ULV / UWLL),Sheremetyevo Int'l (SVO / UUEE),08.03.2024,14:38,08.03.2024,14:58,80,90,10
AIQ3215,A320,Don Muang Int'l (Old Bangkok Int'l) (DMK / VTBD),Krabi (KBV / VTSG),08.03.2024,17:37,08.03.2024,18:52,75,75,0
AIQ3557,A320,Nan (NNT / VTCN),Don Muang Int'l (Old Bangkok Int'l) (DMK / VTBD),08.03.2024,17:38,08.03.2024,18:28,50,50,0
ARE4052,A320,Alfonso Bonilla Aragon Int'l (CLO / SKCL),El Dorado Int'l (BOG / SKBO),08.03.2024,05:37,08.03.2024,06:16,45,40,-5
AWQ507,A320,Singapore Changi (SIN / WSSS),Ngurah Rai/Bali Intl (DPS / WADD),08.03.2024,18:39,08.03.2024,21:24,165,37,-128
AXM137,A320,Hong Kong Int'l (HKG / VHHH),Kuala Lumpur Int'l (KUL / WMKK),08.03.2024,18:36,08.03.2024,21:55,210,155,-55
AXM5173,A320,RMAF Labuan (LBU / WBKL),Kuala Lumpur Int'l (KUL / WMKK),08.03.2024,18:39,08.03.2024,20:44,125,125,0
BAW753,A320,Basle-Mulhouse (EAP / LFSB),London Heathrow (LHR / EGLL),08.03.2024,11:38,08.03.2024,11:46,75,105,30
CBJ5964,A320,Kunming Changshui Int'l (KMG / ZPPP),Shijiazhuang Zhengding International Airport (SJW / ZBSJ),08.03.2024,18:37,08.03.2024,21:10,153,175,22
CTN481,A320,Copenhagen (CPH / EKCH),Zagreb Pleso (ZAG / LDZA),08.03.2024,11:37,08.03.2024,13:00,90,90,0
CTV435,A320,Sepinggan Int'l (BPN / WALL),Juanda Int'l (SUB / WARR),08.03.2024,18:39,08.03.2024,18:59,80,100,20
DAL1294,A320,Albany Intl (KALB),Detroit Metro Wayne Co (KDTW),08.03.2024,05:37,08.03.2024,06:56,79,85,6
EJU3750,A320,Barcelona Int'l (BCN / LEBL),Malpensa Int'l (MXP / LIMC),08.03.2024,11:39,08.03.2024,13:45,126,137,11
EWG7589,A320,Palma de Mallorca (or Son Sant Joan) (PMI / LEPA),Hamburg (HAM / EDDH),08.03.2024,11:38,08.03.2024,14:08,150,150,0
FHY988,A320,Adolfo Suárez Madrid-Barajas (MAD / LEMD),,08.03.2024,11:38,,,,,
IAD1455,A320,Bengaluru Int'l (BLR / VOBL),Biju Patnaik (BBI / VEBS),08.03.2024,16:09,08.03.2024,17:49,100,100,0
IAD792,A320,Lokpriya Gopinath Bordoloi Int'l (GAU / VEGT),Imphal (Tulihal) (IMF / VEIM),08.03.2024,16:09,08.03.2024,16:46,36,35,-1
IBE3092,A320,Adolfo Suárez Madrid-Barajas (MAD / LEMD),Porto / Oporto (OPO / LPPR),08.03.2024,11:39,08.03.2024,11:39,60,60,0
ITY343,A320,Nice Cote d'Azur (NCE / LFMN),Leonardo da Vinci Int'l (Fiumicino Int'l) (FCO / LIRF),08.03.2024,11:38,08.03.2024,12:44,69,50,-19
JAT10,A320,Comodoro Arturo Merino Benitez Int'l (SCL / SCEL),Diego Aracena Int'l (IQQ / SCDA),08.03.2024,07:37,08.03.2024,09:43,126,123,-3
PGT3706,A320,Adana Şakirpaşa (ADA / LTAF),Trabzon (TZX / LTCG),08.03.2024,13:38,08.03.2024,14:38,60,60,0
SAS613,A320,Copenhagen (CPH / EKCH),Geneva Cointrin Int'l (GVA / LSGG),08.03.2024,11:38,08.03.2024,13:23,105,100,-5
SJV872,A320,Jakarta-Soekarno-Hatta Int'l (CGK / WIII),Sultan Mahmud Badaruddin II (PLM / WIPP),08.03.2024,17:38,08.03.2024,18:28,50,50,0
TAM3537,A320,São Paulo-Congonhas (CGH / SBSP),Presidente Juscelino Kubitschek Int'l (BSB / SBBR),08.03.2024,07:37,08.03.2024,09:07,90,103,13
TAP1901,A320,General Humberto Delgado Airport (LIS / LPPT),Faro (FAO / LPFR),08.03.2024,10:37,08.03.2024,11:07,30,25,-5
VJC456,A320,Phu Quoc International (PQC / VVPQ),Noi Bai Int'l (HAN / VVNB),08.03.2024,17:38,08.03.2024,19:28,110,110,0
VOI453,A320,Cancun Int'l (CUN / MMUN),General Abelardo L. Rodriguez Int'l (TIJ / MMTJ),08.03.2024,05:39,08.03.2024,07:07,268,295,27
WMT4659,A320,Adolfo Suárez Madrid-Barajas (MAD / LEMD),Cluj-Napoca Int'l (Someşeni) (CLJ / LRCL),08.03.2024,11:36,08.03.2024,15:20,164,174,10
AIQ3351,A320,Udon Thani Int'l (UTH / VTUD),Don Muang Int'l (Old Bangkok Int'l) (DMK / VTBD),08.03.2024,18:05,08.03.2024,18:50,45,45,0
AXM6460,A320,Kuching Int'l (KCH / WBGG),Sibu (SBW / WBGS),08.03.2024,19:06,08.03.2024,19:26,20,49,29
BAW501,A320,General Humberto Delgado Airport (LIS / LPPT),London Heathrow (LHR / EGLL),08.03.2024,11:06,08.03.2024,13:31,145,160,15
CSC3281,A320,Xi'an Xianyang Int'l (XIY / ZLXY),Yibin (YBP / ZUYB),08.03.2024,19:06,08.03.2024,20:29,83,94,11
CSN3927,A320,Changsha Huanghua Int'l (CSX / ZGHA),Taiyuan Wusu (TYN / ZBYN),08.03.2024,19:06,08.03.2024,20:48,102,111,9
CTV418,A320,Juanda Int'l (SUB / WARR),Supadio (PNK / WIOO),08.03.2024,18:05,08.03.2024,19:30,85,94,9
DAL1308,A320,Melbourne Orlando Intl (KMLB),Hartsfield-Jackson Intl (KATL),08.03.2024,06:04,08.03.2024,07:08,70,115,45
DKH1156,A320,Zhuhai Int'l (ZUH / ZGSD),Shanghai Pudong Int'l (PVG / ZSPD),08.03.2024,19:06,08.03.2024,21:03,111,138,27
EWG252,A320,Cologne Bonn (CGN / EDDK),Tenerife South (Reina Sofia) (TFS / GCTS),08.03.2024,12:05,08.03.2024,15:40,275,275,0
EZY2276,A320,Enfidha-Hammamet International Airport (NBE / DTNH),Manchester (MAN / EGCC),08.03.2024,12:05,08.03.2024,13:49,164,174,10
EZY2541,A320,London Luton (LTN / EGGW),Geneva Cointrin Int'l (GVA / LSGG),08.03.2024,11:06,08.03.2024,13:32,87,107,20
JBU592,A320,Tampa Intl (KTPA),Boston Logan Intl (KBOS),08.03.2024,06:06,08.03.2024,08:35,147,172,25
JBU959,A320,Bradley Intl (KBDL),Fort Lauderdale Intl (KFLL),08.03.2024,06:06,08.03.2024,08:36,150,167,17
KHV841,A320,Da Nang Int'l (DAD / VVDN),Siem Reap–Angkor International Airport (SAI / VDSA),08.03.2024,18:05,08.03.2024,19:05,60,75,15
LPE2042,A320,Subteniente FAP Alejandro Velasco Astete Int'l (CUZ / SPZO),Jorge Chávez Int'l (LIM / SPJC),08.03.2024,06:07,08.03.2024,07:12,65,75,10
NKS1589,A320,New Orleans Intl (KMSY),Newark Liberty Intl (KEWR),08.03.2024,05:05,08.03.2024,08:29,144,6,-138
OTC7204,A320,Tongren Daxing (TEN / ZUTR),Wuxi (WUX / ZSWX),08.03.2024,19:05,08.03.2024,20:40,95,118,23
QDA6074,A320,Nanjing Lukou Int'l (NKG / ZSNJ),Shenyang Taoxian Int'l (SHE / ZYTX),08.03.2024,19:05,08.03.2024,20:54,113,154,41
QDA9901,A320,Qingdao Jiaodong Int'l (TAO / ZSQD),Incheon Int'l (ICN / RKSI),08.03.2024,19:05,08.03.2024,21:08,64,105,41
SJV816,A320,Jakarta-Soekarno-Hatta Int'l (CGK / WIII),Minangkabau Int'l (replaced Tabing) (PDG / WIEE),08.03.2024,18:06,08.03.2024,19:31,85,120,35
TGW124,A320,Singapore Changi (SIN / WSSS),Changsha Huanghua Int'l (CSX / ZGHA),08.03.2024,19:06,08.03.2024,23:31,265,93,-172
AAL835,A320,Tampa Intl (KTPA),Philadelphia Intl (KPHL),08.03.2024,07:10,08.03.2024,09:16,126,146,20
AAY2828,A320,Orlando Sanford Intl (KSFB),The Eastern Iowa (KCID),08.03.2024,07:08,08.03.2024,09:01,157,177,20
AAY3150,A320,Bishop Intl (KFNT),Punta Gorda (KPGD),08.03.2024,07:09,08.03.2024,10:01,155,190,35
AAY851,A320,Punta Gorda (KPGD),Niagara Falls Intl (KIAG),08.03.2024,07:10,08.03.2024,09:41,151,157,6
AFR1747,A320,Malaga (AGP / LEMG),Charles de Gaulle/Roissy (CDG / LFPG),08.03.2024,13:09,08.03.2024,15:18,140,147,7
ARE4011,A320,Jose Maria Cordova Int'l (MDE / SKRG),El Dorado Int'l (BOG / SKBO),08.03.2024,07:09,08.03.2024,07:42,33,45,12
AVA9832,A320,El Dorado Int'l (BOG / SKBO),Los Garzones (MTR / SKMR),08.03.2024,07:09,08.03.2024,08:16,67,84,17
AXM6323,A320,Langkawi Int'l (LGK / WMKL),Kuala Lumpur Int'l (KUL / WMKK),08.03.2024,20:10,08.03.2024,21:05,55,55,0
CGZ7264,A320,Wuhan Tianhe (WUH / ZHHH),Xingyi Wanfenglin Airport (ACX / ZUYI),08.03.2024,20:10,08.03.2024,22:10,120,126,6
CQH6538,A320,Fukuoka (FUK / RJFF),Shanghai Pudong Int'l (PVG / ZSPD),08.03.2024,21:09,08.03.2024,21:46,97,142,45
CQH7550,A320,Shenyang Taoxian Int'l (SHE / ZYTX),Ningbo Lishe Int'l (NGB / ZSNB),08.03.2024,20:09,08.03.2024,22:26,139,145,6
CSN5131,A320,Changsha Huanghua Int'l (CSX / ZGHA),Quanzhou Jinjiang (JJN / ZSQZ),08.03.2024,20:08,08.03.2024,21:22,75,87,12
CSZ9215,A320,Shenzhen Bao'an Int'l (SZX / ZGSZ),Xi'an Xianyang Int'l (XIY / ZLXY),08.03.2024,20:08,08.03.2024,22:27,140,149,9
CTV84,A320,Halim Perdanakusuma Int'l (HLP / WIHH),Sultan Mahmud Badaruddin II (PLM / WIPP),08.03.2024,19:08,08.03.2024,19:39,49,75,26
EJU7980,A320,Menara Int'l (RAK / GMMX),Amsterdam Schiphol (AMS / EHAM),08.03.2024,13:08,08.03.2024,16:24,186,211,25
EWG50,A320,Cologne Bonn (CGN / EDDK),Berlin-Brandenburg (BER / EDDB),08.03.2024,13:09,08.03.2024,14:12,63,73,10
EZY1371,A320,Geneva Cointrin Int'l (GVA / LSGG),Valencia (VLC / LEVC),08.03.2024,13:09,08.03.2024,14:34,85,104,19
EZY330,A320,Belfast Int'l (BFS / EGAA),Edinburgh (EDI / EGPH),08.03.2024,12:08,08.03.2024,12:31,21,52,31
EZY8697,A320,London Gatwick (LGW / EGKK),Innsbruck (Kranebitten) (INN / LOWI),08.03.2024,12:09,08.03.2024,14:31,82,105,23
FLI453,A320,Copenhagen (CPH / EKCH),Vagar (FAE / EKVG),08.03.2024,13:08,08.03.2024,14:05,115,150,35
GLG1688,A320,Mariscal Sucre Int'l (UIO / SEQM),Seymour (GPS / SEGS),08.03.2024,07:09,08.03.2024,08:13,124,155,31
GXA3139,A320,Miami Intl (KMIA),Jose Marti Int'l (HAV / MUHA),08.03.2024,07:08,08.03.2024,07:55,47,47,0
QTR1072,A320,Hamad Int'l (DOH / OTHH),Kuwait Int'l (KWI / OKKK),08.03.2024,15:11,08.03.2024,16:21,70,82,12
SJV191,A320,Kuala Lumpur Int'l (KUL / WMKK),Sultan Syarif Qasim II Int'l (Simpang Tiga) (PKU / WIBB),08.03.2024,20:08,08.03.2024,19:43,35,35,0
TAP1902,A320,Faro (FAO / LPFR),General Humberto Delgado Airport (LIS / LPPT),08.03.2024,12:09,08.03.2024,12:53,44,59,15
THA211,A320,Suvarnabhumi Bangkok Int'l (BKK / VTBS),Phuket Int'l (HKT / VTSP),08.03.2024,19:09,08.03.2024,20:33,84,90,6
THY402,A320,Pulkovo (LED / ULLI),Istanbul Airport (IST / LTFM),08.03.2024,15:09,08.03.2024,19:00,231,256,25
UAL1035,A320,Reagan National (KDCA),Chicago O'Hare Intl (KORD),08.03.2024,07:10,08.03.2024,07:55,110,128,18
VIV1057,A320,Don Miguel Hidalgo y Costilla Int'l (GDL / MMGL),Lic. Benito Juarez Int'l (MEX / MMMX),08.03.2024,06:10,08.03.2024,07:15,65,75,10
VIV4162,A320,General Mariano Escobedo Int'l (MTY / MMMY),General Heriberto Jara Int'l (VER / MMVR),08.03.2024,06:10,08.03.2024,07:25,75,90,15
VLG8722,A320,Barcelona Int'l (BCN / LEBL),Dublin Int'l (DUB / EIDW),08.03.2024,13:10,08.03.2024,14:38,148,168,20
VTI563,A320,Chatrapati Shivaji Int'l (BOM / VABB),Jaipur (Sanganer) (JAI / VIJP),08.03.2024,17:38,08.03.2024,19:13,95,124,29
AAY1191,A320,Bismarck Muni (KBIS),Orlando Sanford Intl (KSFB),09.03.2024,14:11,09.03.2024,18:22,191,275,84
AFR1274,A320,Charles de Gaulle/Roissy (CDG / LFPG),"Oslo, Gardermoen (OSL / ENGM)",09.03.2024,21:09,09.03.2024,23:02,115,130,15
ANZ413,A320,Auckland (AKL / NZAA),Wellington Int'l (WLG / NZWN),10.03.2024,09:07,10.03.2024,10:02,50,72,22
ARE4062,A320,Alfonso Bonilla Aragon Int'l (CLO / SKCL),El Dorado Int'l (BOG / SKBO),09.03.2024,15:06,09.03.2024,15:42,36,46,10
ARE4265,A320,Gustavo Rojas Pinilla Int'l (Sesquicentenario) (ADZ / SKSP),El Dorado Int'l (BOG / SKBO),09.03.2024,15:11,09.03.2024,16:39,97,98,1
AUA327,A320,Vienna Int'l (Schwechat) (VIE / LOWW),Keflavik Int'l (KEF / BIKF),09.03.2024,21:09,10.03.2024,00:14,245,270,25
AVA9397,A320,Los Garzones (MTR / SKMR),El Dorado Int'l (BOG / SKBO),09.03.2024,15:07,09.03.2024,16:03,56,86,30
AVA9714,A320,El Dorado Int'l (BOG / SKBO),Simon Bolivar (SMR / SKSM),09.03.2024,15:09,09.03.2024,15:57,47,69,22
AZU4816,A320,Marechal Cunha Machado Int'l (SLZ / SBSL),Viracopos Int'l (VCP / SBKP),09.03.2024,17:07,09.03.2024,20:13,182,206,24
CEB279,A320,Manila Int'l (MNL / RPLL),Ngurah Rai/Bali Intl (DPS / WADD),10.03.2024,04:10,10.03.2024,07:55,225,220,-5
CES2804,A320,Suvarnabhumi Bangkok Int'l (BKK / VTBS),Nanjing Lukou Int'l (NKG / ZSNJ),10.03.2024,03:07,10.03.2024,07:20,206,245,39
EIN875,A320,Tenerife South (Reina Sofia) (TFS / GCTS),Cork Int'l (ORK / EICK),09.03.2024,20:06,09.03.2024,23:41,219,238,19
EJU7619,A320,General Humberto Delgado Airport (LIS / LPPT),Nantes Atlantique (NTE / LFRS),09.03.2024,20:07,09.03.2024,22:34,87,111,24
ETD372,A320,Bahrain Int'l (BAH / OBBI),Abu Dhabi Int'l (AUH / OMAA),09.03.2024,23:08,10.03.2024,00:59,52,69,17
FIN503,A320,General Humberto Delgado Airport (LIS / LPPT),London Heathrow (LHR / EGLL),09.03.2024,20:10,09.03.2024,22:30,140,140,0
FJL743,A320,Sharjah Int'l (SHJ / OMSJ),Islamabad International Airport (ISB / OPIS),10.03.2024,00:09,10.03.2024,03:44,155,165,10
IBS3733,A320,Lyon (LYS / LFLL),Adolfo Suárez Madrid-Barajas (MAD / LEMD),09.03.2024,21:10,09.03.2024,22:40,90,100,10
ISR728,A320,Budapest Ferenc Liszt International Airport (BUD / LHBP),Ben Gurion Int'l (TLV / LLBG),09.03.2024,21:06,10.03.2024,01:00,170,184,14
JAP7780,A320,Jorge Chávez Int'l (LIM / SPJC),,09.03.2024,15:09,,,,,
JBU1284,A320,Orlando Intl (KMCO),John F Kennedy Intl (KJFK),09.03.2024,15:10,09.03.2024,17:02,113,165,52
JBU18,A320,Fort Lauderdale Intl (KFLL),Jacksonville Intl (KJAX),09.03.2024,15:07,09.03.2024,15:49,59,78,19
JBU953,A320,John F Kennedy Intl (KJFK),Palm Beach Intl (KPBI),09.03.2024,15:09,09.03.2024,17:38,149,282,133
JST401,A320,Gold Coast (OOL / YBCG),Sydney (SYD / YSSY),10.03.2024,06:08,10.03.2024,08:14,50,76,26
LRC698,A320,El Dorado Int'l (BOG / SKBO),Juan Santamaria Int'l (SJO / MROC),09.03.2024,15:10,09.03.2024,16:10,120,172,52
MSC2932,A320,Hurghada (HRG / HEGN),Hanover/Langenhagen Int'l (HAJ / EDDV),09.03.2024,22:10,10.03.2024,02:00,290,290,0
NIA143,A320,Cairo Int'l (CAI / HECA),Abha Regional (AHB / OEAB),09.03.2024,22:09,10.03.2024,01:29,140,140,0
PGT2264,A320,Istanbul Sabiha Gokcen Int'l (SAW / LTFJ),Milas-Bodrum (BJV / LTFE),09.03.2024,23:11,10.03.2024,00:11,60,65,5
PGT281,A320,Istanbul Sabiha Gokcen Int'l (SAW / LTFJ),Rinas Mother Teresa (TIA / LATI),09.03.2024,23:07,09.03.2024,22:42,95,133,38
RJA672,A320,Queen Alia Int'l (AMM / OJAI),Bahrain Int'l (BAH / OBBI),09.03.2024,23:09,10.03.2024,01:19,130,140,10
TAM3069,A320,Afonso Pena Int'l (CWB / SBCT),São Paulo-Congonhas (CGH / SBSP),09.03.2024,17:07,09.03.2024,17:52,45,45,0
TVJ3820,A320,Suvarnabhumi Bangkok Int'l (BKK / VTBS),Taiwan Taoyuan Int'l (TPE / RCTP),10.03.2024,03:11,10.03.2024,07:31,200,200,0
UAL1555,A320,Lic. Gustavo Diaz Ordaz Int'l (PVR / MMPR),Chicago O'Hare Intl (KORD),09.03.2024,14:09,09.03.2024,17:48,219,238,19
UAL1655,A320,Calgary Int'l (CYYC),Chicago O'Hare Intl (KORD),09.03.2024,13:07,09.03.2024,17:08,181,201,20
VLG1290,A320,Barcelona Int'l (BCN / LEBL),La Coruna (LCG / LECO),09.03.2024,21:11,09.03.2024,22:41,90,90,0
VLG3000,A320,Barcelona Int'l (BCN / LEBL),Gran Canaria Int'l (LPA / GCLP),09.03.2024,21:07,09.03.2024,23:10,185,207,22
VOE2659,A320,Es Senia (ORN / DAOO),Marseille Provence (MRS / LFML),09.03.2024,21:07,09.03.2024,22:30,85,93,8
VOI310,A320,Cancun Int'l (CUN / MMUN),Juan Santamaria Int'l (SJO / MROC),09.03.2024,15:08,09.03.2024,15:54,113,129,16
VOI843,A320,is Aeropuerto Nacional de Colima-Lic. Miguel de la Madrid (CLQ / MMIA),General Abelardo L. Rodriguez Int'l (TIJ / MMTJ),09.03.2024,14:06,09.03.2024,14:51,166,184,18
VOI877,A320,General Abelardo L. Rodriguez Int'l (TIJ / MMTJ),Lic. Benito Juarez Int'l (MEX / MMMX),09.03.2024,12:08,09.03.2024,17:05,177,201,24
VTI236,A320,King Abdulaziz Int'l (JED / OEJN),Chatrapati Shivaji Int'l (BOM / VABB),09.03.2024,23:11,10.03.2024,06:51,310,343,33
AAY2532,A320,Chicago/Rockford Intl (KRFD),Punta Gorda (KPGD),09.03.2024,15:01,09.03.2024,18:57,155,193,38
AAY3027,A320,Clearwater Intl (KPIE),McGhee Tyson (KTYS),09.03.2024,16:01,09.03.2024,17:20,81,85,4
AEE6005,A320,"Thessaloniki Int'l, Makedonia (SKG / LGTS)",,09.03.2024,23:00,,,,12,
ANZ416,A320,Wellington Int'l (WLG / NZWN),Auckland (AKL / NZAA),10.03.2024,10:01,10.03.2024,10:54,45,69,24
ARE4372,A320,El Dorado Int'l (BOG / SKBO),Gustavo Rojas Pinilla Int'l (Sesquicentenario) (ADZ / SKSP),09.03.2024,16:02,09.03.2024,18:01,110,129,19
ARE4407,A320,Orlando Intl (KMCO),El Dorado Int'l (BOG / SKBO),09.03.2024,16:02,09.03.2024,19:53,212,246,34
AZU4275,A320,Campo Grande Int'l (CGR / SBCG),Marechal Rondon (CGB / SBCY),09.03.2024,17:01,09.03.2024,17:55,41,76,35
BIX2517,A320,Gran Canaria Int'l (LPA / GCLP),,09.03.2024,21:01,,,,11,
CEB619,A320,Manila Int'l (MNL / RPLL),Bohol-Panglao (TAG / RPSP),10.03.2024,05:00,10.03.2024,06:30,85,100,15
CES212,A320,Manila Int'l (MNL / RPLL),Shanghai Pudong Int'l (PVG / ZSPD),10.03.2024,05:01,10.03.2024,07:40,163,185,22
DAL1078,A320,Valley Intl (KHRL),Minneapolis/St Paul Intl (KMSP),09.03.2024,15:02,09.03.2024,17:42,161,175,14
EIN529,A320,Charles de Gaulle/Roissy (CDG / LFPG),Dublin Int'l (DUB / EIDW),09.03.2024,22:01,09.03.2024,22:05,74,94,20
EIN799,A320,İzmir Adnan Menderes Int'l (ADB / LTBJ),Dublin Int'l (DUB / EIDW),10.03.2024,00:00,10.03.2024,01:15,255,274,19
EZY3020,A320,Arrecife (Lanzarote) (ACE / GCRR),Belfast Int'l (BFS / EGAA),09.03.2024,21:01,10.03.2024,00:55,236,254,18
KAC344,A320,Chennai Int'l (MAA / VOMM),Kuwait Int'l (KWI / OKKK),10.03.2024,02:30,10.03.2024,05:30,320,340,20
LAN13,A320,Comodoro Arturo Merino Benitez Int'l (SCL / SCEL),,09.03.2024,18:01,,,,,
N230AC,A320,Los Garzones (MTR / SKMR),,09.03.2024,16:00,,,,,
SDM6024,A320,Vnukovo (VKO / UUWW),Pulkovo (LED / ULLI),10.03.2024,00:00,10.03.2024,00:55,60,65,5
UAL1009,A320,Denver Intl (KDEN),Nashville Intl (KBNA),09.03.2024,14:02,09.03.2024,17:16,121,147,26
VIV4227,A320,General Rodolfo Sanchez Taboada Int'l (MXL / MMML),General Mariano Escobedo Int'l (MTY / MMMY),09.03.2024,13:02,09.03.2024,16:55,119,123,4
VIV9387,A320,General Lucio Blanco Int'l (REX / MMRX),Mexico City Santa Lucía Airport (NLU / MMSM),09.03.2024,15:00,09.03.2024,16:15,75,75,0
VLG3519,A320,Barcelona Int'l (BCN / LEBL),Ibiza (IBZ / LEIB),09.03.2024,22:02,09.03.2024,22:45,36,53,17
VLG3953,A320,Valencia (VLC / LEVC),Palma de Mallorca (or Son Sant Joan) (PMI / LEPA),09.03.2024,22:00,09.03.2024,22:46,33,55,22
VLG6575,A320,Asturias (OVD / LEAS),Gran Canaria Int'l (LPA / GCLP),09.03.2024,22:00,09.03.2024,23:35,155,165,10
AAY2532,A320,Chicago/Rockford Intl (KRFD),Punta Gorda (KPGD),09.03.2024,15:01,09.03.2024,18:57,155,193,38
ABQ170,A320,Jinnah Int'l (KHI / OPKC),King Abdulaziz Int'l (JED / OEJN),10.03.2024,03:06,10.03.2024,06:01,295,305,10
ABY518,A320,Sharjah Int'l (SHJ / OMSJ),Shahjalal International Airport (DAC / VGHS),10.03.2024,02:03,10.03.2024,08:08,245,255,10
ABY562,A320,Sharjah Int'l (SHJ / OMSJ),Faisalabad Int'l (LYP / OPFA),10.03.2024,02:06,10.03.2024,05:31,145,155,10
AVA9399,A320,Antonio Narino (PSO / SKPS),El Dorado Int'l (BOG / SKBO),09.03.2024,17:06,09.03.2024,17:55,16,77,61
AVA9780,A320,El Dorado Int'l (BOG / SKBO),Gustavo Rojas Pinilla Int'l (Sesquicentenario) (ADZ / SKSP),09.03.2024,17:05,09.03.2024,18:33,87,133,46
AWQ200,A320,Jakarta-Soekarno-Hatta Int'l (CGK / WIII),Kuala Lumpur Int'l (KUL / WMKK),10.03.2024,05:03,10.03.2024,07:43,100,100,0
AXM5135,A320,Kota Kinabalu Int'l (BKI / WBKK),Kuala Lumpur Int'l (KUL / WMKK),10.03.2024,06:03,10.03.2024,08:20,130,147,17
BTK6672,A320,Jakarta-Soekarno-Hatta Int'l (CGK / WIII),APT Pranoto (AAP / WALS),10.03.2024,05:05,10.03.2024,08:05,120,130,10
CEB373,A320,Manila Int'l (MNL / RPLL),Roxas (RXS / RPVR),10.03.2024,06:05,10.03.2024,07:00,55,60,5
CEB893,A320,Manila Int'l (MNL / RPLL),Caticlan (Godofredo P. Ramos) (MPH / RPVE),10.03.2024,06:03,10.03.2024,06:40,50,47,-3
EZY7604,A320,Charles de Gaulle/Roissy (CDG / LFPG),General Humberto Delgado Airport (LIS / LPPT),09.03.2024,23:03,10.03.2024,00:10,113,147,34
GLG1639,A320,Jose Joaquin de Olmedo Int'l (GYE / SEGU),,09.03.2024,17:06,,,,,
JAP7294,A320,Jorge Chávez Int'l (LIM / SPJC),,09.03.2024,17:05,,,,,
JBU1825,A320,Fort Lauderdale Intl (KFLL),Jorge Chávez Int'l (LIM / SPJC),09.03.2024,17:03,09.03.2024,22:21,325,168,-157
JBU1968,A320,Punta Cana Int'l (PUJ / MDPC),John F Kennedy Intl (KJFK),09.03.2024,18:07,09.03.2024,20:39,212,231,19
JST201,A320,Sydney (SYD / YSSY),Auckland (AKL / NZAA),10.03.2024,09:06,10.03.2024,13:58,172,196,24
JST471,A320,Newcastle-Williamtown Airport / RAAF (NTL / YWLM),Melbourne Tullamarine (MEL / YMML),10.03.2024,09:04,10.03.2024,10:25,61,91,30
JZR335,A320,Kuwait Int'l (KWI / OKKK),Domodedovo Int'l (DME / UUDD),10.03.2024,01:07,10.03.2024,05:42,275,283,8
LPE2265,A320,Padre Jose de Aldamiz Int'l (PEM / SPTU),Jorge Chávez Int'l (LIM / SPJC),09.03.2024,17:05,09.03.2024,18:35,75,100,25
RZO175,A320,Porto / Oporto (OPO / LPPR),Ponta Delgada Joao Paulo II (PDL / LPPD),09.03.2024,22:04,09.03.2024,23:15,130,150,20
VOI1035,A320,Mexico City Santa Lucía Airport (NLU / MMSM),Don Miguel Hidalgo y Costilla Int'l (GDL / MMGL),09.03.2024,16:06,09.03.2024,17:15,69,79,10
VOI499,A320,Del Bajio Guanajuato Int'l (BJX / MMLO),General Abelardo L. Rodriguez Int'l (TIJ / MMTJ),09.03.2024,16:04,09.03.2024,16:54,167,191,24
VOI924,A320,Lic. Jesus Teran Peredo Int'l (AGU / MMAS),Los Angeles Intl (KLAX),09.03.2024,16:05,09.03.2024,16:45,160,180,20
VOI967,A320,Harry Reid Intl (KLAS),Lic. Benito Juarez Int'l (MEX / MMMX),09.03.2024,14:04,09.03.2024,19:25,197,233,36
VLG6210,A320,Leonardo da Vinci Int'l (Fiumicino Int'l) (FCO / LIRF),Malaga (AGP / LEMG),08.03.2024,15:54,08.03.2024,18:19,145,157,12
JBU2795,A320,Fort Lauderdale Intl (KFLL),Cancun Int'l (CUN / MMUN),08.03.2024,10:54,08.03.2024,11:47,113,137,24
AVA8562,A320,Antonio Narino (PSO / SKPS),,,,,,,,
ARE4015,A320,Jose Maria Cordova Int'l (MDE / SKRG),El Dorado Int'l (BOG / SKBO),08.03.2024,09:54,08.03.2024,10:27,33,49,16
UAL1383,A320,Houston Bush Int'ctl (KIAH),John Wayne (KSNA),08.03.2024,09:54,08.03.2024,11:13,199,213,14
CCA8233,A320,Wuhan Tianhe (WUH / ZHHH),,,,,,,,
BEL3738,A320,Malaga (AGP / LEMG),Brussels (BRU / EBBR),08.03.2024,15:54,08.03.2024,18:22,148,198,50
CSZ9994,A320,Qingdao Jiaodong Int'l (TAO / ZSQD),Guangzhou Baiyun Int'l (CAN / ZGGG),08.03.2024,22:53,09.03.2024,02:04,182,162,-20
EZY2151,A320,Manchester (MAN / EGCC),Istanbul Airport (IST / LTFM),08.03.2024,14:53,08.03.2024,21:02,189,182,-7
LDA9754,A320,Banja Luka Int'l (BNX / LQBK),Vienna Int'l (Schwechat) (VIE / LOWW),08.03.2024,15:53,08.03.2024,16:33,40,78,38
PGT1005,A320,Istanbul Sabiha Gokcen Int'l (SAW / LTFJ),Dusseldorf Int'l (DUS / EDDL),08.03.2024,17:53,08.03.2024,19:03,190,228,38
EJU4301,A320,Lyon (LYS / LFLL),La Rochelle (LRH / LFBH),08.03.2024,15:53,08.03.2024,16:42,49,71,22
IBE3279,A320,Budapest Ferenc Liszt International Airport (BUD / LHBP),Adolfo Suárez Madrid-Barajas (MAD / LEMD),08.03.2024,15:53,08.03.2024,19:03,190,233,43
CSZ9935,A320,Shenzhen Bao'an Int'l (SZX / ZGSZ),Changzhou Benniu (CZX / ZSCG),08.03.2024,22:53,09.03.2024,00:40,109,152,43
UAL2330,A320,Pensacola Intl (KPNS),Houston Bush Int'ctl (KIAH),08.03.2024,09:53,08.03.2024,11:22,90,72,-18
AAY2466,A320,Albany Intl (KALB),Punta Gorda (KPGD),08.03.2024,10:53,08.03.2024,13:40,167,217,50
BAW890,A320,London Heathrow (LHR / EGLL),,,,,,,,
AIQ3015,A320,Don Muang Int'l (Old Bangkok Int'l) (DMK / VTBD),Phuket Int'l (HKT / VTSP),08.03.2024,21:53,08.03.2024,22:58,65,58,-7
KNE46,A320,King Abdulaziz Int'l (JED / OEJN),King Khalid Int'l (RUH / OERK),08.03.2024,17:53,08.03.2024,19:08,75,101,26
UAL224,A320,Chicago O'Hare Intl (KORD),Tucson Intl (KTUS),08.03.2024,09:53,08.03.2024,11:39,230,222,-8
VLG6367,A320,Santiago de Compostela (SCQ / LEST),San Pablo (SVQ / LEZL),08.03.2024,15:53,08.03.2024,16:57,64,44,-20
DKH1754,A320,Dayong (DYG / ZGDY),Nanjing Lukou Int'l (NKG / ZSNJ),08.03.2024,22:53,09.03.2024,00:08,75,85,10
EZY8633,A320,London Gatwick (LGW / EGKK),Hamburg (HAM / EDDH),08.03.2024,14:52,08.03.2024,16:49,57,56,-1
AUA513,A320,Vienna Int'l (Schwechat) (VIE / LOWW),Malpensa Int'l (MXP / LIMC),08.03.2024,15:52,08.03.2024,16:57,65,59,-6
EZS1031,A320,Basle-Mulhouse (EAP / LFSB),Valencia (VLC / LEVC),08.03.2024,15:52,08.03.2024,17:32,100,116,16
AWQ555,A320,Kuala Lumpur Int'l (KUL / WMKK),Ngurah Rai/Bali Intl (DPS / WADD),08.03.2024,22:52,09.03.2024,01:32,160,163,3
EZY1557,A320,Geneva Cointrin Int'l (GVA / LSGG),,,,,,,,
LDA8792,A320,Beauvais Tille (BVA / LFOB),Zagreb Pleso (ZAG / LDZA),08.03.2024,15:52,08.03.2024,17:32,100,89,-11
KNE788,A320,King Khalid Int'l (RUH / OERK),Prince Mohammad Bin Abdulaziz (MED / OEMA),08.03.2024,17:52,08.03.2024,19:12,80,117,37
TGW581,A320,Visakhapatnam (VTZ / VOVZ),Singapore Changi (SIN / WSSS),08.03.2024,20:22,09.03.2024,02:35,235,260,25
ARE4178,A320,El Dorado Int'l (BOG / SKBO),Palonegro (BGA / SKBG),08.03.2024,09:52,08.03.2024,10:39,47,38,-9
QTR1111,A320,Bahrain Int'l (BAH / OBBI),Hamad Int'l (DOH / OTHH),08.03.2024,17:52,08.03.2024,18:29,36,84,48
BAW1312,A320,London Heathrow (LHR / EGLL),Aberdeen (ABZ / EGPD),08.03.2024,14:52,08.03.2024,15:45,64,84,20
GAP2824,A320,Francisco Bangoy Int'l (DVO / RPMD),,,,,,,,
CSZ9652,A320,Quanzhou Jinjiang (JJN / ZSQZ),Guangzhou Baiyun Int'l (CAN / ZGGG),08.03.2024,22:52,09.03.2024,00:05,74,68,-6
EJU1683,A320,Nice Cote d'Azur (NCE / LFMN),Leonardo da Vinci Int'l (Fiumicino Int'l) (FCO / LIRF),08.03.2024,15:52,08.03.2024,16:32,40,50,10
LPE2380,A320,Jorge Chávez Int'l (LIM / SPJC),Jorge Newbery (AEP / SABE),08.03.2024,09:52,08.03.2024,15:52,240,262,22
BAW485,A320,Barcelona Int'l (BCN / LEBL),London Heathrow (LHR / EGLL),08.03.2024,15:52,08.03.2024,16:31,97,89,-8
VIV3255,A320,Carlos Rovirosa Perez Int'l (VSA / MMVA),Don Miguel Hidalgo y Costilla Int'l (GDL / MMGL),08.03.2024,08:52,08.03.2024,10:32,99,99,0
ROU1512,A320,Thunder Bay Int'l (Thunder Bay) (CYQT),Toronto Pearson Int'l (CYYZ),08.03.2024,10:52,08.03.2024,12:09,97,98,1
AIC404,A320,Rajkot (HSR / VAHS),Indira Gandhi Int'l (DEL / VIDP),08.03.2024,20:22,08.03.2024,21:35,80,117,37
VLG8479,A320,Porto / Oporto (OPO / LPPR),Barcelona Int'l (BCN / LEBL),08.03.2024,14:51,08.03.2024,17:12,85,132,47
IBE3149,A320,Václav Havel Airport (PRG / LKPR),Adolfo Suárez Madrid-Barajas (MAD / LEMD),08.03.2024,15:51,08.03.2024,18:45,170,190,20
AIC238,A320,Shahjalal International Airport (DAC / VGHS),Indira Gandhi Int'l (DEL / VIDP),08.03.2024,20:51,08.03.2024,22:50,145,134,-11
AMC625,A320,Linate (LIN / LIML),,08.03.2024,15:51,,,,,
DLH2100,A320,Munich Int'l (MUC / EDDM),Hanover/Langenhagen Int'l (HAJ / EDDV),08.03.2024,15:51,08.03.2024,16:35,45,79,34
TAM3783,A320,Guararapes Int'l (Gilberto Freyre Int'l) (REC / SBRF),Presidente Juscelino Kubitschek Int'l (BSB / SBBR),08.03.2024,11:51,08.03.2024,14:11,140,141,1
CSN6242,A320,Xining Caojiabu (XNN / ZLXN),Guangzhou Baiyun Int'l (CAN / ZGGG),08.03.2024,22:51,09.03.2024,01:35,164,191,27
ETD387,A320,Seeb Int'l (MCT / OOMS),Abu Dhabi Int'l (AUH / OMAA),08.03.2024,18:51,08.03.2024,19:21,50,51,1
AUA848,A320,Rinas Mother Teresa (TIA / LATI),Vienna Int'l (Schwechat) (VIE / LOWW),08.03.2024,15:50,08.03.2024,17:06,71,88,17
5AK5112,A320,El Dorado Int'l (BOG / SKBO),,08.03.2024,09:50,,,,,
AIQ3013,A320,Don Muang Int'l (Old Bangkok Int'l) (DMK / VTBD),Phuket Int'l (HKT / VTSP),08.03.2024,21:50,08.03.2024,22:55,65,85,20
RYL411,A320,Near Wuzhou, Guangxi,,,08.03.2024,22:50,,,
NKS2706,A320,Baltimore/Washington Intl (KBWI),Orlando Intl (KMCO),08.03.2024,10:50,08.03.2024,12:54,115,154,39
LAN420,A320,Jorge Newbery (AEP / SABE),,08.03.2024,11:50,,,,,
TAM3043,A320,Tancredo Neves Int'l (CNF / SBCF),São Paulo-Congonhas (CGH / SBSP),08.03.2024,11:50,08.03.2024,12:51,61,51,-10
WMT3551,A320,Timişoara Traian Vuia Int'l (TSR / LRTR),Orio al Serio Int'l (BGY / LIME),08.03.2024,16:50,08.03.2024,17:20,90,115,25
AIQ3206,A320,Chiang Rai Int'l (CEI / VTCT),Don Muang Int'l (Old Bangkok Int'l) (DMK / VTBD),08.03.2024,21:50,08.03.2024,22:45,55,78,23
VLG3513,A320,Ibiza (IBZ / LEIB),Barcelona Int'l (BCN / LEBL),08.03.2024,15:50,08.03.2024,16:10,36,42,6
PGT1865,A320,Ercan Int'l (ECN / LCEN),İzmir Adnan Menderes Int'l (ADB / LTBJ),08.03.2024,16:50,08.03.2024,18:50,60,81,21
JBU1861,A320,LaGuardia (KLGA),Southwest Florida Intl (KRSW),08.03.2024,10:50,08.03.2024,13:18,151,168,17
VTI575,A320,Bengaluru Int'l (BLR / VOBL),Sardar Vallabhbhai Patel Int'l (Ahmedabad) (AMD / VAAH),08.03.2024,20:20,08.03.2024,21:50,105,99,-6
EZY8710,A320,Menara Int'l (RAK / GMMX),London Gatwick (LGW / EGKK),08.03.2024,14:49,08.03.2024,17:18,149,195,46
AAY482,A320,The Eastern Iowa (KCID),Fort Lauderdale Intl (KFLL),08.03.2024,09:49,08.03.2024,13:46,155,170,15
JST671,A320,Darwin Int'l / RAAF (DRW / YPDN),Sydney (SYD / YSSY),09.03.2024,00:19,09.03.2024,05:32,216,237,21
JAP7224,A320,Jorge Chávez Int'l (LIM / SPJC),,08.03.2024,09:49,,,,,
TAM3009,A320,Presidente Juscelino Kubitschek Int'l (BSB / SBBR),São Paulo-Congonhas (CGH / SBSP),08.03.2024,11:49,08.03.2024,13:20,90,131,41
UAL246,A320,Seattle-Tacoma Intl (KSEA),San Francisco Int'l (KSFO),08.03.2024,07:49,08.03.2024,09:51,122,135,13
ITY1792,A320,Palermo Int'l (Punta Raisi Falcone-Borsellino) (PMO / LICJ),Leonardo da Vinci Int'l (Fiumicino Int'l) (FCO / LIRF),08.03.2024,15:49,08.03.2024,16:55,60,58,-2
CTV250,A320,Jakarta-Soekarno-Hatta Int'l (CGK / WIII),Sultan Hasanuddin Int'l (UPG / WAAA),08.03.2024,21:49,09.03.2024,00:54,125,122,-3
OTC7120,A320,Changsha Huanghua Int'l (CSX / ZGHA),Kunming Changshui Int'l (KMG / ZPPP),08.03.2024,22:49,09.03.2024,00:38,111,136,25
IBE3271,A320,Hamburg (HAM / EDDH),Adolfo Suárez Madrid-Barajas (MAD / LEMD),08.03.2024,15:49,08.03.2024,19:05,185,186,1
CES9923,A320,Xi'an Xianyang Int'l (XIY / ZLXY),Penglai International (YNT / ZSYT),08.03.2024,22:49,09.03.2024,00:29,106,101,-5
CSC6715,A320,Chengdu Tianfu Int'l (TFU / ZUTF),Guangzhou Baiyun Int'l (CAN / ZGGG),08.03.2024,22:49,09.03.2024,00:46,113,145,32
UEA2214,A320,Shenzhen Bao'an Int'l (SZX / ZGSZ),Xingyi Wanfenglin Airport (ACX / ZUYI),08.03.2024,22:49,09.03.2024,00:32,103,108,5
UAL342,A320,Reagan National (KDCA),Chicago O'Hare Intl (KORD),08.03.2024,10:48,08.03.2024,11:47,119,109,-10
AAY3206,A320,Phoenix-Mesa Gateway (KIWA),Appleton Intl (KATW),08.03.2024,07:48,08.03.2024,12:49,162,197,35
TAM3719,A320,Ministro Victor Konder Int'l (NVT / SBNF),São Paulo-Congonhas (CGH / SBSP),08.03.2024,11:48,08.03.2024,12:35,45,84,39
AFR1822,A320,Charles de Gaulle/Roissy (CDG / LFPG),Munich Int'l (MUC / EDDM),08.03.2024,15:48,08.03.2024,17:08,80,71,-9
AVA9764,A320,El Dorado Int'l (BOG / SKBO),Simon Bolivar (SMR / SKSM),08.03.2024,09:48,08.03.2024,10:47,47,96,49
TAM8020,A320,Governor Francisco Gabrielli Int'l (El Plumerillo Int'l) (MDZ / SAME),São Paulo-Guarulhos Int'l (GRU / SBGR),08.03.2024,11:48,08.03.2024,14:40,174,208,34
EZY1232,A320,Edinburgh (EDI / EGPH),Basle-Mulhouse (EAP / LFSB),08.03.2024,14:48,08.03.2024,17:41,113,109,-4
AFL1233,A320,Ufa Int'l (UFA / UWUU),Sheremetyevo Int'l (SVO / UUEE),08.03.2024,19:48,08.03.2024,19:55,125,114,-11
PGT1018,A320,Cologne Bonn (CGN / EDDK),Istanbul Sabiha Gokcen Int'l (SAW / LTFJ),08.03.2024,15:48,08.03.2024,20:35,170,174,4
VTI766,A320,Netaji Subhash Chandra Bose Int'l (CCU / VECC),Bengaluru Int'l (BLR / VOBL),08.03.2024,20:18,08.03.2024,22:22,135,138,3
DAL1729,A320,Orlando Intl (KMCO),Raleigh-Durham Intl (KRDU),08.03.2024,10:48,08.03.2024,12:04,78,65,-13
PGT2794,A320,Istanbul Sabiha Gokcen Int'l (SAW / LTFJ),Samsun (SZF / LTFH),08.03.2024,17:48,08.03.2024,18:45,70,91,21
DLH274,A320,Frankfurt Int'l (FRA / EDDF),Linate (LIN / LIML),08.03.2024,15:48,08.03.2024,16:45,55,104,49
PGT1262,A320,Rotterdam (RTM / EHRD),Istanbul Sabiha Gokcen Int'l (SAW / LTFJ),08.03.2024,15:48,08.03.2024,20:53,185,195,10
CSN6226,A320,Qingdao Jiaodong Int'l (TAO / ZSQD),Daqing Sartu (DQA / ZYDQ),08.03.2024,22:48,09.03.2024,00:42,110,132,22
SAS767,A320,Copenhagen (CPH / EKCH),,,,,,,,
PGT980,A320,Berlin-Brandenburg (BER / EDDB),Istanbul Sabiha Gokcen Int'l (SAW / LTFJ),08.03.2024,15:48,08.03.2024,20:10,150,180,30
CES6798,A320,Chengdu Tianfu Int'l (TFU / ZUTF),Beijing Daxing International Airport (PKX / ZBAD),08.03.2024,22:48,09.03.2024,00:39,126,145,19
CSN6207,A320,Harbin Taiping Int'l (HRB / ZYHB),Beijing Daxing International Airport (PKX / ZBAD),08.03.2024,22:48,09.03.2024,00:37,109,106,-3
QDA9876,A320,Dalian Zhoushuizi Int'l (DLC / ZYTL),Qingdao Jiaodong Int'l (TAO / ZSQD),08.03.2024,22:48,08.03.2024,23:35,41,84,43
SNG6614,A320,Taiyuan Wusu (TYN / ZBYN),Harbin Taiping Int'l (HRB / ZYHB),08.03.2024,22:48,09.03.2024,01:06,134,181,47
CJL206,A320,Toronto Pearson Int'l (CYYZ),,,,,,,,
CQH6521,A320,Shenzhen Bao'an Int'l (SZX / ZGSZ),Wuxi (WUX / ZSWX),08.03.2024,22:47,09.03.2024,00:38,113,140,27
SAA357,A320,OR Tambo Int'l (JNB / FAOR),Cape Town Int'l (CPT / FACT),08.03.2024,16:47,08.03.2024,18:35,105,124,19
AIQ3426,A320,Chiang Mai Int'l (CNX / VTCC),Don Muang Int'l (Old Bangkok Int'l) (DMK / VTBD),08.03.2024,21:47,08.03.2024,22:45,65,65,0
UAL1567,A320,Lic. Benito Juarez Int'l (MEX / MMMX),Washington Dulles Intl (KIAD),08.03.2024,08:47,08.03.2024,14:41,234,223,-11
AAL2327,A320,Dallas-Fort Worth Intl (KDFW),Eglin AFB/Destin-Ft Walton Beach (KVPS),08.03.2024,09:47,08.03.2024,11:11,90,76,-14
APG288,A320,Don Muang Int'l (Old Bangkok Int'l) (DMK / VTBD),Manila Int'l (MNL / RPLL),08.03.2024,21:47,09.03.2024,01:56,180,174,-6
TAR722,A320,Tunis-Carthage Int'l (TUN / DTTA),,,,,,,,
VTI590,A320,Manohar International Airport (GOX / VOGA),Rajiv Gandhi Int'l (HYD / VOHS),08.03.2024,20:17,08.03.2024,21:00,55,82,27
GBB124,A320,Cape Town Int'l (CPT / FACT),OR Tambo Int'l (JNB / FAOR),08.03.2024,16:47,08.03.2024,17:50,73,56,-17
AFL1214,A320,Sheremetyevo Int'l (SVO / UUEE),Kurumoch (KUF / UWWW),08.03.2024,17:47,08.03.2024,20:17,90,123,33
EZY5108,A320,Barcelona Int'l (BCN / LEBL),Berlin-Brandenburg (BER / EDDB),08.03.2024,15:47,08.03.2024,17:49,131,177,46
CBJ5158,A320,Kunming Changshui Int'l (KMG / ZPPP),Hangzhou Xiaoshan Int'l (HGH / ZSHC),08.03.2024,22:47,09.03.2024,01:03,136,144,8
AAY354,A320,Orlando Sanford Intl (KSFB),,,,,,,,
JBU173,A320,Fort Lauderdale Intl (KFLL),Punta Cana Int'l (PUJ / MDPC),08.03.2024,10:47,08.03.2024,12:33,133,126,-7
UAL764,A320,Chicago O'Hare Intl (KORD),Calgary Int'l (CYYC),08.03.2024,09:47,08.03.2024,12:04,210,213,3
CES6581,A320,Shanghai Pudong Int'l (PVG / ZSPD),Hefei Xinqiao Airport (HFE / ZSOF),08.03.2024,22:47,08.03.2024,23:49,61,80,19
CSN8071,A320,Guangzhou Baiyun Int'l (CAN / ZGGG),Kuala Lumpur Int'l (KUL / WMKK),08.03.2024,22:47,09.03.2024,02:30,219,266,47
EWG9801,A320,Orio al Serio Int'l (BGY / LIME),,08.03.2024,15:46,,,,,
EIN168,A320,Dublin Int'l (DUB / EIDW),London Heathrow (LHR / EGLL),08.03.2024,14:46,08.03.2024,15:27,47,27,-20
VLG8715,A320,Vienna Int'l (Schwechat) (VIE / LOWW),Barcelona Int'l (BCN / LEBL),08.03.2024,15:46,08.03.2024,17:55,125,166,41
JBU2357,A320,Newark Liberty Intl (KEWR),Sangster Int'l (MBJ / MKJS),08.03.2024,10:46,08.03.2024,13:05,228,265,37
CES6798,A320,Chengdu Tianfu Int'l (TFU / ZUTF),Beijing Daxing International Airport (PKX / ZBAD),08.03.2024,22:48,09.03.2024,00:39,126,142,16
CJL206,A320,Toronto Pearson Int'l (CYYZ),Orlando Intl (KMCO),08.03.2024,10:48,08.03.2024,13:33,142,131,-11
CSN6207,A320,Harbin Taiping Int'l (HRB / ZYHB),Beijing Daxing International Airport (PKX / ZBAD),08.03.2024,22:48,09.03.2024,00:37,109,110,1
SNG6614,A320,Taiyuan Wusu (TYN / ZBYN),Harbin Taiping Int'l (HRB / ZYHB),08.03.2024,22:48,09.03.2024,01:06,134,144,10
QDA9876,A320,Dalian Zhoushuizi Int'l (DLC / ZYTL),Qingdao Jiaodong Int'l (TAO / ZSQD),08.03.2024,22:48,08.03.2024,23:35,41,69,28
CQH6521,A320,Shenzhen Bao'an Int'l (SZX / ZGSZ),Wuxi (WUX / ZSWX),08.03.2024,22:47,09.03.2024,00:38,113,125,12
AIQ3426,A320,Chiang Mai Int'l (CNX / VTCC),Don Muang Int'l (Old Bangkok Int'l) (DMK / VTBD),08.03.2024,21:47,08.03.2024,22:45,65,105,40
SAA357,A320,OR Tambo Int'l (JNB / FAOR),Cape Town Int'l (CPT / FACT),08.03.2024,16:47,08.03.2024,18:35,105,101,-4
UAL1567,A320,Lic. Benito Juarez Int'l (MEX / MMMX),Washington Dulles Intl (KIAD),08.03.2024,08:47,08.03.2024,14:41,234,246,12
AAL2327,A320,Dallas-Fort Worth Intl (KDFW),Eglin AFB/Destin-Ft Walton Beach (KVPS),08.03.2024,09:47,08.03.2024,11:11,90,109,19
APG288,A320,Don Muang Int'l (Old Bangkok Int'l) (DMK / VTBD),Manila Int'l (MNL / RPLL),08.03.2024,21:47,09.03.2024,01:56,180,173,-7
TAR722,A320,Tunis-Carthage Int'l (TUN / DTTA),Paris Orly (ORY / LFPO),08.03.2024,15:47,08.03.2024,17:52,125,149,24
VTI590,A320,Manohar International Airport (GOX / VOGA),,,,,,,,
GBB124,A320,Cape Town Int'l (CPT / FACT),OR Tambo Int'l (JNB / FAOR),08.03.2024,16:47,08.03.2024,17:50,73,63,-10
AFL1214,A320,Sheremetyevo Int'l (SVO / UUEE),Kurumoch (KUF / UWWW),08.03.2024,17:47,08.03.2024,20:17,90,95,5
EZY5108,A320,Barcelona Int'l (BCN / LEBL),Berlin-Brandenburg (BER / EDDB),08.03.2024,15:47,08.03.2024,17:49,131,176,45
CBJ5158,A320,Kunming Changshui Int'l (KMG / ZPPP),Hangzhou Xiaoshan Int'l (HGH / ZSHC),08.03.2024,22:47,09.03.2024,01:03,136,125,-11
AAY354,A320,Orlando Sanford Intl (KSFB),Nashville Intl (KBNA),08.03.2024,10:47,08.03.2024,11:14,86,104,18
JBU173,A320,Fort Lauderdale Intl (KFLL),Punta Cana Int'l (PUJ / MDPC),08.03.2024,10:47,08.03.2024,12:33,133,115,-18
UAL764,A320,Chicago O'Hare Intl (KORD),Calgary Int'l (CYYC),08.03.2024,09:47,08.03.2024,12:04,210,200,-10
CES6581,A320,Shanghai Pudong Int'l (PVG / ZSPD),Hefei Xinqiao Airport (HFE / ZSOF),08.03.2024,22:47,08.03.2024,23:49,61,48,-13
CSN8071,A320,Guangzhou Baiyun Int'l (CAN / ZGGG),Kuala Lumpur Int'l (KUL / WMKK),08.03.2024,22:47,09.03.2024,02:30,219,221,2
EWG9801,A320,Orio al Serio Int'l (BGY / LIME),,08.03.2024,15:46,,,,,
EIN168,A320,Dublin Int'l (DUB / EIDW),London Heathrow (LHR / EGLL),08.03.2024,14:46,08.03.2024,15:27,47,65,18
VLG8715,A320,Vienna Int'l (Schwechat) (VIE / LOWW),Barcelona Int'l (BCN / LEBL),08.03.2024,15:46,08.03.2024,17:55,125,109,-16
JBU2357,A320,Newark Liberty Intl (KEWR),Sangster Int'l (MBJ / MKJS),08.03.2024,10:46,08.03.2024,13:05,228,264,36
VIV3045,A320,General Heriberto Jara Int'l (VER / MMVR),,,,,,,,
VTI809,A320,Indira Gandhi Int'l (DEL / VIDP),Bengaluru Int'l (BLR / VOBL),08.03.2024,20:16,08.03.2024,22:36,145,127,-18
THA121,A320,Chiang Mai Int'l (CNX / VTCC),Suvarnabhumi Bangkok Int'l (BKK / VTBS),08.03.2024,21:46,08.03.2024,22:46,60,82,22
VLG3220,A320,Barcelona Int'l (BCN / LEBL),Tenerife South (Reina Sofia) (TFS / GCTS),08.03.2024,15:46,08.03.2024,18:15,195,240,45
CSZ8760,A320,Yibin (YBP / ZUYB),Quanzhou Jinjiang (JJN / ZSQZ),08.03.2024,22:46,09.03.2024,00:39,126,156,30
CSC8738,A320,Guangzhou Baiyun Int'l (CAN / ZGGG),Chengdu Shuangliu Int'l (CTU / ZUUU),08.03.2024,22:46,09.03.2024,00:52,125,160,35
SJV745,A320,Ngurah Rai/Bali Intl (DPS / WADD),,,,,,,,
EIN507,A320,Bordeaux-Merignac (BOD / LFBD),Dublin Int'l (DUB / EIDW),08.03.2024,15:45,08.03.2024,16:10,100,106,6
TAP1015,A320,Adolfo Suárez Madrid-Barajas (MAD / LEMD),General Humberto Delgado Airport (LIS / LPPT),08.03.2024,15:45,08.03.2024,15:24,63,55,-8
VOE2038,A320,Lyon (LYS / LFLL),Václav Havel Airport (PRG / LKPR),08.03.2024,15:45,08.03.2024,17:00,80,111,31
VOE1134,A320,Olbia-Costa Smeralda (OLB / LIEO),,,,,,,,
ARE4061,A320,El Dorado Int'l (BOG / SKBO),Alfonso Bonilla Aragon Int'l (CLO / SKCL),08.03.2024,09:45,08.03.2024,10:32,47,37,-10
AXM720,A320,Singapore Changi (SIN / WSSS),Kuala Lumpur Int'l (KUL / WMKK),08.03.2024,22:45,08.03.2024,23:25,50,63,13
DKH1076,A320,Qingdao Jiaodong Int'l (TAO / ZSQD),Shanghai Pudong Int'l (PVG / ZSPD),08.03.2024,22:45,08.03.2024,23:53,70,109,39
FHY8014,A320,Antalya (AYT / LTAI),,10.03.2024,12:07,,,,,
AIQ3017,A320,Don Muang Int'l (Old Bangkok Int'l) (DMK / VTBD),Phuket Int'l (HKT / VTSP),10.03.2024,16:07,10.03.2024,17:22,75,86,11
MMA334,A320,Suvarnabhumi Bangkok Int'l (BKK / VTBS),Yangon Int'l (RGN / VYYY),10.03.2024,16:06,10.03.2024,16:36,60,50,-10
CSZ9756,A320,Xiamen Gaoqi Int'l (XMN / ZSAM),Yangzhou Taizhou (YTY / ZSYA),10.03.2024,17:06,10.03.2024,18:35,89,134,45
JBU729,A320,Rafael Hernandez (BQN / TJBQ),,,,,,,,
KZR7141,A320,Almaty (ALA / UAAA),Narimanovka (KSN / UAUU),10.03.2024,15:06,10.03.2024,17:11,125,132,7
BAW565,A320,Linate (LIN / LIML),London Heathrow (LHR / EGLL),10.03.2024,11:06,10.03.2024,11:32,94,126,32
AFL1248,A320,Sheremetyevo Int'l (SVO / UUEE),Orenburg Tsentralny (REN / UWOO),10.03.2024,12:06,10.03.2024,16:01,115,118,3
AIQ655,A320,Tan Son Nhat Int'l (SGN / VVTS),Don Muang Int'l (Old Bangkok Int'l) (DMK / VTBD),10.03.2024,16:06,10.03.2024,17:26,80,120,40
VTI627,A320,Indira Gandhi Int'l (DEL / VIDP),Udaipur (UDR / VAUD),10.03.2024,14:36,10.03.2024,15:41,65,53,-12
JSA535,A320,Singapore Changi (SIN / WSSS),,10.03.2024,17:06,,,,,
BTK6293,A320,Sultan Hasanuddin Int'l (UPG / WAAA),Jakarta-Soekarno-Hatta Int'l (CGK / WIII),10.03.2024,17:06,10.03.2024,18:06,120,103,-17
NKS883,A320,Luis Munoz Marin Intl (SJU / TJSJ),Orlando Intl (KMCO),10.03.2024,05:06,10.03.2024,08:07,181,165,-16
NMA140,A320,Cairo Int'l (CAI / HECA),Prince Nayef bin Abdulaziz Regional Airport (ELQ / OEGS),10.03.2024,11:05,10.03.2024,13:55,110,137,27
APG778,A320,Mactan-Cebu Int'l (CEB / RPVM),Manila Int'l (MNL / RPLL),10.03.2024,17:05,10.03.2024,18:20,75,84,9
EWG6812,A320,Palma de Mallorca (or Son Sant Joan) (PMI / LEPA),,,,,,,,
ABY581,A320,Borg El Arab (HBE / HEBA),Sharjah Int'l (SHJ / OMSJ),10.03.2024,11:05,10.03.2024,16:25,200,236,36
AFL16,A320,Sheremetyevo Int'l (SVO / UUEE),Pulkovo (LED / ULLI),10.03.2024,12:05,10.03.2024,12:44,56,85,29
AWQ260,A320,Jakarta-Soekarno-Hatta Int'l (CGK / WIII),Singapore Changi (SIN / WSSS),10.03.2024,16:05,10.03.2024,19:00,100,113,13
CSN8842,A320,Kunming Changshui Int'l (KMG / ZPPP),Beijing Daxing International Airport (PKX / ZBAD),10.03.2024,17:05,10.03.2024,19:53,168,216,48
LDA13,A320,Vienna Int'l (Schwechat) (VIE / LOWW),Barcelona Int'l (BCN / LEBL),10.03.2024,11:05,10.03.2024,13:14,129,125,-4
VLG1174,A320,Valencia (VLC / LEVC),,,,,,,,
AFL1053,A320,Uytash (MCX / URML),Sheremetyevo Int'l (SVO / UUEE),10.03.2024,12:05,10.03.2024,15:05,180,217,37
EZY3314,A320,Krakow Int'l (KRK / EPKK),Edinburgh (EDI / EGPH),10.03.2024,11:05,10.03.2024,12:16,120,139,19
TAM3191,A320,Marechal Rondon (CGB / SBCY),Presidente Juscelino Kubitschek Int'l (BSB / SBBR),10.03.2024,05:05,10.03.2024,07:20,75,78,3
EJU4861,A320,Paris Orly (ORY / LFPO),Nice Cote d'Azur (NCE / LFMN),10.03.2024,11:05,10.03.2024,12:07,62,85,23
EIN651,A320,Near Frankfurt am Main,Dublin Int'l (DUB / EIDW),10.03.2024,11:05,10.03.2024,11:44,100,127,27
BNL122,A320,Tunis-Carthage Int'l (TUN / DTTA),Misrata Airport (MRA / HLMS),10.03.2024,10:05,10.03.2024,11:55,50,84,34
EWG22H,A320,Nice Cote d'Azur (NCE / LFMN),,10.03.2024,11:05,,,,,
APG228,A320,Caticlan (Godofredo P. Ramos) (MPH / RPVE),Manila Int'l (MNL / RPLL),10.03.2024,17:05,10.03.2024,17:50,45,94,49
TVJ3536,A320,Suvarnabhumi Bangkok Int'l (BKK / VTBS),Hangzhou Xiaoshan Int'l (HGH / ZSHC),10.03.2024,16:04,10.03.2024,20:44,220,207,-13
JST934,A320,Brisbane (BNE / YBBN),Cairns Int'l (CNS / YBCS),10.03.2024,19:04,10.03.2024,20:59,115,159,44
BAW685,A320,Innsbruck (Kranebitten) (INN / LOWI),London Heathrow (LHR / EGLL),10.03.2024,11:04,10.03.2024,11:37,89,127,38
TAR643,A320,Vienna Int'l (Schwechat) (VIE / LOWW),Tunis-Carthage Int'l (TUN / DTTA),10.03.2024,11:04,10.03.2024,11:50,110,97,-13
AXM378,A320,Kuala Lumpur Int'l (KUL / WMKK),Ngurah Rai/Bali Intl (DPS / WADD),10.03.2024,17:04,10.03.2024,19:44,160,154,-6
JBU1354,A320,Ontario Intl (KONT),John F Kennedy Intl (KJFK),10.03.2024,02:04,10.03.2024,09:18,252,258,6
CDC8890,A320,Xiangfan (XFN / ZHXF),Guangzhou Baiyun Int'l (CAN / ZGGG),10.03.2024,17:04,10.03.2024,18:48,103,102,-1
IAD592,A320,Surat (STV / VASU),Netaji Subhash Chandra Bose Int'l (CCU / VECC),10.03.2024,14:33,10.03.2024,16:48,135,135,0
VLG8482,A320,Václav Havel Airport (PRG / LKPR),,10.03.2024,11:03,,,,,
SJV888,A320,Jakarta-Soekarno-Hatta Int'l (CGK / WIII),Kuala Namu International (KNO / WIMM),10.03.2024,16:03,10.03.2024,18:03,120,145,25
AXM378,A320,Kuala Lumpur Int'l (KUL / WMKK),Ngurah Rai/Bali Intl (DPS / WADD),10.03.2024,17:04,10.03.2024,19:44,160,147,-13
JBU1354,A320,Ontario Intl (KONT),John F Kennedy Intl (KJFK),10.03.2024,02:04,10.03.2024,09:18,252,238,-14
CDC8890,A320,Xiangfan (XFN / ZHXF),Guangzhou Baiyun Int'l (CAN / ZGGG),10.03.2024,17:04,10.03.2024,18:48,103,99,-4
IAD592,A320,Surat (STV / VASU),Netaji Subhash Chandra Bose Int'l (CCU / VECC),10.03.2024,14:33,10.03.2024,16:48,135,128,-7
VLG8482,A320,Václav Havel Airport (PRG / LKPR),,10.03.2024,11:03,,,,,
SJV888,A320,Jakarta-Soekarno-Hatta Int'l (CGK / WIII),Kuala Namu International (KNO / WIMM),10.03.2024,16:03,10.03.2024,18:03,120,120,0
AIQ3396,A320,Don Muang Int'l (Old Bangkok Int'l) (DMK / VTBD),Nakhon Phanom (KOP / VTUW),10.03.2024,16:03,10.03.2024,17:03,60,48,-12
AIC3450,A320,Near Kullu / Manali,,10.03.2024,14:33,,,,,
JST492,A320,Newcastle-Williamtown Airport / RAAF (NTL / YWLM),Gold Coast (OOL / YBCG),10.03.2024,20:03,10.03.2024,19:49,46,49,3
EWG5703,A320,Pristina (PRN / BKPR),Dusseldorf Int'l (DUS / EDDL),10.03.2024,11:03,10.03.2024,13:13,130,142,12
EZY1018,A320,Ibiza (IBZ / LEIB),Basle-Mulhouse (EAP / LFSB),10.03.2024,11:03,10.03.2024,12:37,94,80,-14
AFL1954,A320,Sheremetyevo Int'l (SVO / UUEE),Aktau (SCO / UATE),10.03.2024,12:03,10.03.2024,16:48,165,203,38
DLH325,A320,Marco Polo Int'l (Marco Polo Venice) (VCE / LIPZ),Frankfurt Int'l (FRA / EDDF),10.03.2024,11:03,10.03.2024,12:10,65,56,-9
EZY8028,A320,Menorca (MAH / LEMH),London Gatwick (LGW / EGKK),10.03.2024,11:03,10.03.2024,11:42,94,113,19
CES9771,A320,Nanjing Lukou Int'l (NKG / ZSNJ),Lanzhou Zhongchuan International (LHW / ZLLL),10.03.2024,17:03,10.03.2024,18:50,104,116,12
OTC7275,A320,Changsha Huanghua Int'l (CSX / ZGHA),,,,,,,,
EDW177,A320,Antalya (AYT / LTAI),Zurich (Kloten) (ZRH / LSZH),10.03.2024,12:02,10.03.2024,14:14,191,186,-5
JZR233,A320,Kuwait Int'l (KWI / OKKK),King Fahd Int'l (DMM / OEDF),10.03.2024,12:02,10.03.2024,12:50,45,72,27
RYR2053,A320,Adolfo Suárez Madrid-Barajas (MAD / LEMD),Palma de Mallorca (or Son Sant Joan) (PMI / LEPA),10.03.2024,11:02,10.03.2024,11:57,55,88,33
SWR400,A320,Zurich (Kloten) (ZRH / LSZH),Dublin Int'l (DUB / EIDW),10.03.2024,11:02,10.03.2024,11:52,120,170,50
DLH1935,A320,Berlin-Brandenburg (BER / EDDB),Munich Int'l (MUC / EDDM),10.03.2024,11:02,10.03.2024,11:52,50,45,-5
PIA304,A320,Jinnah Int'l (KHI / OPKC),Allama Iqbal Int'l (LHE / OPLA),10.03.2024,14:02,10.03.2024,15:27,85,135,50
CTV967,A320,Sultan Thaha (DJB / WIJJ),Jakarta-Soekarno-Hatta Int'l (CGK / WIII),10.03.2024,16:02,10.03.2024,17:08,65,80,15
BTK6802,A320,Jakarta-Soekarno-Hatta Int'l (CGK / WIII),Sultan Thaha (DJB / WIJJ),10.03.2024,16:02,10.03.2024,17:02,60,73,13
VOZ721,A320,Adelaide Int'l (ADL / YPAD),Perth Int'l (PER / YPPH),10.03.2024,19:32,10.03.2024,20:09,172,173,1
OTC7216,A320,Baoshan (BSD / ZPBS),Nanjing Lukou Int'l (NKG / ZSNJ),10.03.2024,17:02,10.03.2024,19:33,152,190,38
CQH6731,A320,Dalian Zhoushuizi Int'l (DLC / ZYTL),Hohhot Baita Int'l (HET / ZBHH),10.03.2024,17:02,10.03.2024,18:47,104,147,43
CSN6194,A320,Beijing Daxing International Airport (PKX / ZBAD),,,,,,,,
CCA1542,A320,Ningbo Lishe Int'l (NGB / ZSNB),Beijing Capital Int'l (PEK / ZBAA),10.03.2024,17:02,10.03.2024,19:13,131,140,9
CES2960,A320,Urumqi Diwopu Int'l (URC / ZWWW),Nanjing Lukou Int'l (NKG / ZSNJ),10.03.2024,17:02,10.03.2024,21:00,239,233,-6
JZR208,A320,King Abdulaziz Int'l (JED / OEJN),Kuwait Int'l (KWI / OKKK),10.03.2024,12:01,10.03.2024,13:41,100,130,30
EZY2701,A320,Los Martínez Del Puerto Airport (LEMP),Bristol Int'l (BRS / EGGD),10.03.2024,11:01,10.03.2024,12:04,125,163,38
ART1417,A320,Ibiza (IBZ / LEIB),Brussels (BRU / EBBR),10.03.2024,11:01,10.03.2024,13:25,144,128,-16
IAD942,A320,Bengaluru Int'l (BLR / VOBL),Birsa Munda (Ranchi) (IXR / VERC),10.03.2024,14:31,10.03.2024,16:30,120,112,-8
IAD978,A320,Visakhapatnam (VTZ / VOVZ),Bengaluru Int'l (BLR / VOBL),10.03.2024,14:31,10.03.2024,15:18,47,55,8
MEA324,A320,Beirut Air Base/Rafic Hariri Int'l (Beirut Int'l) (BEY / OLBA),Erbil Int'l (EBL / ORER),10.03.2024,12:01,10.03.2024,13:40,100,150,50
CES5022,A320,Qingdao Jiaodong Int'l (TAO / ZSQD),Xi'an Xianyang Int'l (XIY / ZLXY),10.03.2024,17:01,10.03.2024,18:43,65,55,-10
AIQ3431,A320,Don Muang Int'l (Old Bangkok Int'l) (DMK / VTBD),Chiang Mai Int'l (CNX / VTCC),10.03.2024,16:01,10.03.2024,16:50,55,46,-9
GAP2919,A320,Manila Int'l (MNL / RPLL),Bicol International (DRP / RPLK),10.03.2024,17:01,10.03.2024,17:28,45,91,46
THA111,A320,Chiang Mai Int'l (CNX / VTCC),Suvarnabhumi Bangkok Int'l (BKK / VTBS),10.03.2024,16:01,10.03.2024,16:45,65,81,16
CES2165,A320,Xi'an Xianyang Int'l (XIY / ZLXY),Shanghai Hongqiao Int'l (SHA / ZSSS),10.03.2024,17:01,10.03.2024,18:47,106,116,10
CQH8661,A320,Shijiazhuang Zhengding International Airport (SJW / ZBSJ),Changchun Longjia Int'l (CGQ / ZYCC),10.03.2024,17:01,10.03.2024,18:51,111,114,3
CSN3125,A320,Guangzhou Baiyun Int'l (CAN / ZGGG),Heze (HZA / ZSHZ),10.03.2024,17:01,10.03.2024,19:04,123,122,-1
CGZ7263,A320,Xingyi Wanfenglin Airport (ACX / ZUYI),Wuhan Tianhe (WUH / ZHHH),10.03.2024,17:01,10.03.2024,18:43,102,122,20
QDA6222,A320,Lijiang (LJG / ZPLJ),Xishuangbanna Gasa (JHG / ZPJH),10.03.2024,17:01,10.03.2024,17:53,52,81,29
TAP1901,A320,General Humberto Delgado Airport (LIS / LPPT),Faro (FAO / LPFR),10.03.2024,10:00,10.03.2024,10:21,33,38,5
AWC922,A320,Toulouse-Blagnac (TLS / LFBO),,10.03.2024,11:00,,,,,
CSN6060,A320,Phnom Penh Int'l (Pochentong Int'l) (PNH / VDPP),Guangzhou Baiyun Int'l (CAN / ZGGG),10.03.2024,16:00,10.03.2024,19:27,140,157,17
EZY2840,A320,Galileo Galilei (Pisa Int'l) (PSA / LIRP),Bristol Int'l (BRS / EGGD),10.03.2024,11:00,10.03.2024,11:34,105,105,0
TAI366,A320,El Dorado Int'l (BOG / SKBO),El Salvador Int'l (SAL / MSLP),10.03.2024,04:00,10.03.2024,05:44,155,178,23
CEB646,A320,Puerto Princesa (PPS / RPVP),Manila Int'l (MNL / RPLL),10.03.2024,17:00,10.03.2024,18:10,70,63,-7
VLG8348,A320,Palma de Mallorca (or Son Sant Joan) (PMI / LEPA),Zurich (Kloten) (ZRH / LSZH),10.03.2024,11:00,10.03.2024,12:55,105,116,11
CSZ9475,A320,Chengdu Tianfu Int'l (TFU / ZUTF),Nanchang Changbei Int'l (KHN / ZSCN),10.03.2024,17:00,10.03.2024,18:38,103,109,6
EJU8527,A320,London Gatwick (LGW / EGKK),Porto / Oporto (OPO / LPPR),10.03.2024,10:00,10.03.2024,11:49,110,124,14
ABY195,A320,Sharjah Int'l (SHJ / OMSJ),Abha Regional (AHB / OEAB),10.03.2024,13:00,10.03.2024,14:20,145,152,7
TVJ108,A320,Suvarnabhumi Bangkok Int'l (BKK / VTBS),Chiang Mai Int'l (CNX / VTCC),10.03.2024,16:00,10.03.2024,16:35,55,66,11
GAP2778,A320,Bohol-Panglao (TAG / RPSP),Manila Int'l (MNL / RPLL),10.03.2024,17:00,10.03.2024,18:05,65,60,-5
CDC8964,A320,Xiangfan (XFN / ZHXF),Wenzhou Int'l (WNZ / ZSWZ),10.03.2024,17:00,10.03.2024,18:27,87,117,30
CSZ9728,A320,Haikou Meilan Int'l (HAK / ZJHK),,,,,,,,
CCA8675,A320,Guiyang Longdongbao (KWE / ZUGY),Beijing Daxing International Airport (PKX / ZBAD),10.03.2024,17:00,10.03.2024,19:27,150,194,44
CDC8621,A320,Lanzhou Zhongchuan International (LHW / ZLLL),Zhangye Ganzhou (YZY / ZLZY),10.03.2024,17:00,10.03.2024,17:47,47,42,-5
CTV688,A320,Jakarta-Soekarno-Hatta Int'l (CGK / WIII),Ngurah Rai/Bali Intl (DPS / WADD),10.03.2024,15:59,10.03.2024,18:29,90,86,-4
EZY2516,A320,Amsterdam Schiphol (AMS / EHAM),London Luton (LTN / EGGW),10.03.2024,10:59,10.03.2024,10:47,42,66,24
APJ926,A320,Taiwan Taoyuan Int'l (TPE / RCTP),,,,,,,,
EZY4203,A320,Naples Int'l (Capodichino) (NAP / LIRN),Ibiza (IBZ / LEIB),10.03.2024,10:59,10.03.2024,12:50,111,139,28
VJC142,A320,Tan Son Nhat Int'l (SGN / VVTS),Noi Bai Int'l (HAN / VVNB),10.03.2024,15:59,10.03.2024,17:30,110,147,37
NWK1603,A320,RAAF Learmonth (LEA / YPLM),Perth Int'l (PER / YPPH),10.03.2024,16:59,10.03.2024,18:26,78,76,-2
SWR977,A320,Berlin-Brandenburg (BER / EDDB),Zurich (Kloten) (ZRH / LSZH),10.03.2024,10:59,10.03.2024,11:56,65,66,1
AXM6469,A320,Sibu (SBW / WBGS),Kuching Int'l (KCH / WBGG),10.03.2024,16:59,10.03.2024,17:19,20,52,32
CSN6360,A320,Harbin Taiping Int'l (HRB / ZYHB),,,,,,,,
JST448,A320,Melbourne Tullamarine (MEL / YMML),Gold Coast (OOL / YBCG),10.03.2024,19:59,10.03.2024,20:39,99,141,42
CDC8943,A320,Dashuipo (WEH / ZSWH),Changchun Longjia Int'l (CGQ / ZYCC),10.03.2024,16:59,10.03.2024,18:23,84,80,-4
SNG4390,A320,Changzhou Benniu (CZX / ZSCG),Harbin Taiping Int'l (HRB / ZYHB),10.03.2024,16:59,10.03.2024,19:25,146,165,19
CBJ5257,A320,Shijiazhuang Zhengding International Airport (SJW / ZBSJ),Lijiang (LJG / ZPLJ),10.03.2024,16:59,10.03.2024,20:02,187,199,12
LBT246,A320,Tunis-Carthage Int'l (TUN / DTTA),Frankfurt Int'l (FRA / EDDF),10.03.2024,09:58,10.03.2024,13:13,135,173,38
IBE3314,A320,Adolfo Suárez Madrid-Barajas (MAD / LEMD),Stockholm-Arlanda (ARN / ESSA),10.03.2024,10:58,10.03.2024,13:13,135,132,-3
CQH6604,A320,Kansai Int'l (KIX / RJBB),Ningbo Lishe Int'l (NGB / ZSNB),10.03.2024,17:58,10.03.2024,19:30,154,175,21
VJC629,A320,Da Nang Int'l (DAD / VVDN),Tan Son Nhat Int'l (SGN / VVTS),10.03.2024,15:58,10.03.2024,16:58,60,101,41
EIN593,A320,Adolfo Suárez Madrid-Barajas (MAD / LEMD),Dublin Int'l (DUB / EIDW),10.03.2024,10:58,10.03.2024,11:48,111,155,44
