Aircraft,Flight_Type,Origin    ,Destination,Departure_Date,Departure_Time,Arrival_Date,Arrival_Time,Estimated ArrivalTime,RealArrivalTime,EA_Time_Minutes,RA_Time_Minutes,Delay_Time
AAY2839,A320,Norfolk Intl (KORF),Orlando Sanford Intl (KSFB),04-03-2024,03:21PM,04.03.2024,05:01PM,0 days 01:32:00,2h 02m,92,122,30
AAY411,A320,Fort Lauderdale Intl (KFLL),Cincinnati/Northern Kentucky International Airport (KCVG),04.03.2024,03:21PM,04.03.2024,05:48PM,0 days 02:23:00,2h 52m,143,172,29
ABY552,A320,Sharjah Int'l (SHJ / OMSJ),Sialkot Int'l (SKT / OPST),05.03.2024,12:22AM,05.03.2024,03:57AM,0 days 02:35:00,2h 45m,155,165,10
AFR1384,A320,Charles de Gaulle/Roissy (CDG / LFPG),Tunis-Carthage Int'l (TUN / DTTA),04.03.2024,09:21PM,04.03.2024,11:29PM,0 days 02:07:00,2h 23m,127,143,16
AFR1748,A320,Charles de Gaulle/Roissy (CDG / LFPG),Malaga (AGP / LEMG),04.03.2024,09:20PM,04.03.2024,11:51PM,0 days 02:29:00,2h 49m,149,169,20
AFR6144,A320,Paris Orly (ORY / LFPO),Toulouse-Blagnac (TLS / LFBO),04.03.2024,09:21PM,04.03.2024,10:20PM,0 days 01:00:00,1h 10m,60,70,10
AMC615,A320,Leonardo da Vinci Int'l (Fiumicino Int'l) (FCO / LIRF),Malta Int'l (Luqa) (MLA / LMML),04.03.2024,09:21PM,04.03.2024,10:31PM,0 days 01:10:00,1h 09m,70,69,-1
ARE4012,A320,El Dorado Int'l (BOG / SKBO),Jose Maria Cordova Int'l (MDE / SKRG),04.03.2024,03:21PM,04.03.2024,03:59PM,0 days 00:38:00,1h 37m,38,97,59
AVA221,A320,Punta Cana Int'l (PUJ / MDPC),Jose Maria Cordova Int'l (MDE / SKRG),04.03.2024,04:22PM,04.03.2024,05:41PM,0 days 02:19:00,2h 39m,139,159,20
AZU4239,A320,Viracopos Int'l (VCP / SBKP),Marechal Rondon (CGB / SBCY),04.03.2024,05:21PM,04.03.2024,06:06PM,0 days 01:46:00,2h 06m,106,126,20
BEL2629,A320,Brussels (BRU / EBBR),Hamburg (HAM / EDDH),04.03.2024,09:19PM,04.03.2024,10:00PM,0 days 00:50:00,1h 30m,50,90,40
BEL3731,A320,Brussels (BRU / EBBR),Adolfo Suárez Madrid-Barajas (MAD / LEMD),04.03.2024,09:21PM,04.03.2024,11:46PM,0 days 02:25:00,2h 09m,145,129,-16
CEB563,A320,Manila Int'l (MNL / RPLL),Mactan-Cebu Int'l (CEB / RPVM),05.03.2024,04:22AM,05.03.2024,05:37AM,0 days 01:15:00,1h 08m,75,68,-7
CEB954,A320,Francisco Bangoy Int'l (DVO / RPMD),Manila Int'l (MNL / RPLL),05.03.2024,04:22AM,05.03.2024,06:02AM,0 days 01:40:00,1h 40m,100,100,0
DAL2674,A320,Reagan National (KDCA),Hartsfield-Jackson Intl (KATL),04.03.2024,03:20PM,04.03.2024,04:36PM,0 days 01:16:00,1h 42m,76,102,26
DLH1100,A320,Frankfurt Int'l (FRA / EDDF),Toulouse-Blagnac (TLS / LFBO),04.03.2024,09:20PM,04.03.2024,10:35PM,0 days 01:25:00,1h 25m,85,85,0
DLH1402,A320,Frankfurt Int'l (FRA / EDDF),Václav Havel Airport (PRG / LKPR),04.03.2024,09:21PM,04.03.2024,10:06PM,0 days 00:45:00,0h 44m,45,44,-1
EZY1304,A320,Nantes Atlantique (NTE / LFRS),Geneva Cointrin Int'l (GVA / LSGG),04.03.2024,09:21PM,04.03.2024,10:29PM,0 days 01:08:00,1h 28m,68,88,20
EZY2004,A320,Malaga (AGP / LEMG),Manchester (MAN / EGCC),04.03.2024,09:22PM,04.03.2024,10:52PM,0 days 02:30:00,2h 49m,150,169,19
EZY2286,A320,Al Massira (AGA / GMAD),Manchester (MAN / EGCC),04.03.2024,09:22PM,04.03.2024,11:50PM,0 days 03:17:00,3h 59m,197,239,42
EZY2426,A320,Nice Cote d'Azur (NCE / LFMN),London Luton (LTN / EGGW),04.03.2024,09:21PM,04.03.2024,10:11PM,0 days 01:50:00,2h 10m,110,130,20
LAN771,A320,Rio de Janeiro/Galeao Intl (GIG / SBGL),Comodoro Arturo Merino Benitez Int'l (SCL / SCEL),04.03.2024,05:22PM,04.03.2024,09:48PM,0 days 04:26:00,4h 49m,266,289,22.9999999999999
LPE2088,A320,Comandante FAP Guillermo del Castillo Paredes (TPP / SPST),Jorge Chávez Int'l (LIM / SPJC),04.03.2024,03:21PM,04.03.2024,04:19PM,0 days 00:58:00,1h 08m,58,68,10
NKS1592,A320,Newark Liberty Intl (KEWR),Nashville Intl (KBNA),04.03.2024,03:22PM,04.03.2024,04:14PM,0 days 01:52:00,2h 16m,112,136,24
QTR671,A320,Male Int'l (MLE / VRMM),Hamad Int'l (DOH / OTHH),05.03.2024,01:21AM,05.03.2024,04:15AM,0 days 04:35:00,4h 57m,275,297,22
SBI5566,A320,Tashkent (TAS / UTTT),Novosibirsk Tolmachevo (OVB / UNNT),05.03.2024,01:21AM,05.03.2024,05:51AM,0 days 02:30:00,2h 30m,150,150,0
SWR1950,A320,Zurich (Kloten) (ZRH / LSZH),Barcelona Int'l (BCN / LEBL),04.03.2024,09:20PM,04.03.2024,10:40PM,0 days 01:20:00,1h 30m,80,90,10
TAM3759,A320,Governador Jorge Teixeira de Oliveira Int'l (PVH / SBPV),São Paulo-Guarulhos Int'l (GRU / SBGR),04.03.2024,04:20PM,04.03.2024,08:45PM,0 days 03:25:00,3h 35m,205,215,10
UAL378,A320,Chicago O'Hare Intl (KORD),Boston Logan Intl (KBOS),04.03.2024,02:23PM,04.03.2024,05:31PM,0 days 02:08:00,2h 38m,128,158,30
VIV3243,A320,Hermanos Serdan Int'l (PBC / MMPB),Don Miguel Hidalgo y Costilla Int'l (GDL / MMGL),04.03.2024,02:22PM,04.03.2024,03:32PM,0 days 01:10:00,1h 28m,70,88,18
VLG8936,A320,Menorca (MAH / LEMH),Guararapes Int'l (Gilberto Freyre Int'l) (REC / SBRF),04.03.2024,09:21PM,04.03.2024,07:33PM,0 days 02:13:00,2h 25m,133,145,12
AAY935,A320,Punta Gorda (KPGD),Springfield (KSGF),04.03.2024,03:44PM,04.03.2024,05:19PM,0 days 02:18:00,2h 58m,138,178,40
AFR7466,A320,Charles de Gaulle/Roissy (CDG / LFPG),Montpellier (MPL / LFMT),04.03.2024,09:44PM,04.03.2024,10:55PM,0 days 01:18:00,1h 28m,78,88,10
ANZ676,A320,Dunedin Int'l (DUD / NZDN),Auckland (AKL / NZAA),05.03.2024,09:42AM,05.03.2024,11:23AM,0 days 01:26:00,1h 55m,86,115,29
ARE4065,A320,El Dorado Int'l (BOG / SKBO),Alfonso Bonilla Aragon Int'l (CLO / SKCL),04.03.2024,03:42PM,04.03.2024,04:27PM,0 days 00:45:00,1h 49m,45,109,64
ARE4377,A320,Matecana Int'l (PEI / SKPE),Jose Maria Cordova Int'l (MDE / SKRG),04.03.2024,03:44PM,04.03.2024,04:05PM,0 days 00:21:00,0h 30m,21,30,9
AVA4874,A320,El Dorado Int'l (BOG / SKBO),El Alcaravan (EYP / SKYP),04.03.2024,03:45PM,04.03.2024,03:52PM,0 days 00:06:00,0h 36m,6,36,30
AVA9274,A320,Alfonso Bonilla Aragon Int'l (CLO / SKCL),Jose Maria Cordova Int'l (MDE / SKRG),04.03.2024,03:45PM,04.03.2024,04:18PM,0 days 00:33:00,0h 53m,33,53,20
AZU4419,A320,Marechal Rondon (CGB / SBCY),Tancredo Neves Int'l (CNF / SBCF),04.03.2024,04:44PM,04.03.2024,07:38PM,0 days 01:54:00,2h 13m,114,133,19
BAW465,A320,Adolfo Suárez Madrid-Barajas (MAD / LEMD),London Heathrow (LHR / EGLL),04.03.2024,09:46PM,04.03.2024,10:18PM,0 days 01:32:00,2h 03m,92,123,31
CSZ9006,A320,Suvarnabhumi Bangkok Int'l (BKK / VTBS),Shenzhen Bao'an Int'l (SZX / ZGSZ),05.03.2024,03:46AM,05.03.2024,07:02AM,0 days 02:16:00,2h 29m,136,149,13
DAL1369,A320,Gerald R Ford Intl (KGRR),Hartsfield-Jackson Intl (KATL),04.03.2024,03:42PM,04.03.2024,05:17PM,0 days 01:35:00,2h 04m,95,124,29
DAL2432,A320,Orlando Intl (KMCO),Raleigh-Durham Intl (KRDU),04.03.2024,03:44PM,04.03.2024,04:55PM,0 days 01:16:00,1h 33m,76,93,17
DLH2238,A320,Munich Int'l (MUC / EDDM),Charles de Gaulle/Roissy (CDG / LFPG),04.03.2024,09:44PM,04.03.2024,11:04PM,0 days 01:20:00,1h 16m,80,76,-4
EZY1328,A320,Nice Cote d'Azur (NCE / LFMN),Geneva Cointrin Int'l (GVA / LSGG),04.03.2024,09:43PM,04.03.2024,10:18PM,0 days 00:35:00,0h 54m,35,54,19
EZY2462,A320,General Humberto Delgado Airport (LIS / LPPT),London Luton (LTN / EGGW),04.03.2024,08:45PM,04.03.2024,11:08PM,0 days 02:23:00,2h 43m,143,163,20
EZY2716,A320,Malaga (AGP / LEMG),Bristol Int'l (BRS / EGGD),04.03.2024,09:43PM,04.03.2024,11:50PM,0 days 03:07:00,3h 31m,187,211,24
EZY3200,A320,Tenerife South (Reina Sofia) (TFS / GCTS),Edinburgh (EDI / EGPH),04.03.2024,08:46PM,05.03.2024,12:58AM,0 days 04:12:00,4h 13m,252,253,0.999999999999972
EZY7707,A320,Charles de Gaulle/Roissy (CDG / LFPG),Porto / Oporto (OPO / LPPR),04.03.2024,09:43PM,04.03.2024,10:34PM,0 days 01:51:00,2h 10m,111,130,19
EZY8686,A320,Amsterdam Schiphol (AMS / EHAM),London Gatwick (LGW / EGKK),04.03.2024,09:43PM,04.03.2024,09:28PM,0 days 00:45:00,1h 08m,45,68,23
FAD323,A320,King Abdulaziz Int'l (JED / OEJN),King Fahd Int'l (DMM / OEDF),04.03.2024,11:44PM,05.03.2024,01:19AM,0 days 01:35:00,1h 35m,95,95,0
HIM873,A320,Kuala Lumpur Int'l (KUL / WMKK),Tribhuvan Int'l (KTM / VNKT),05.03.2024,04:46AM,05.03.2024,06:51AM,0 days 04:20:00,4h 20m,260,260,-5.6843418860808E-14
IBE3034,A320,Adolfo Suárez Madrid-Barajas (MAD / LEMD),Barcelona Int'l (BCN / LEBL),04.03.2024,09:45PM,04.03.2024,10:45PM,0 days 01:00:00,1h 18m,60,78,18
ITY78,A320,Leonardo da Vinci Int'l (Fiumicino Int'l) (FCO / LIRF),Barcelona Int'l (BCN / LEBL),04.03.2024,09:46PM,04.03.2024,11:16PM,0 days 01:30:00,1h 53m,90,113,23
JBU1252,A320,Southwest Florida Intl (KRSW),Westchester County (KHPN),04.03.2024,03:44PM,04.03.2024,06:27PM,0 days 02:37:00,3h 09m,157,189,32
JBU1366,A320,Cancun Int'l (CUN / MMUN),Tampa Intl (KTPA),04.03.2024,03:46PM,04.03.2024,05:15PM,0 days 01:29:00,1h 57m,89,117,28
JBU1680,A320,Fort Lauderdale Intl (KFLL),Reagan National (KDCA),04.03.2024,03:43PM,04.03.2024,05:37PM,0 days 02:19:00,2h 18m,139,138,-1
LDA7212,A320,Cologne Bonn (CGN / EDDK),Palma de Mallorca (or Son Sant Joan) (PMI / LEPA),04.03.2024,09:45PM,04.03.2024,11:47PM,0 days 03:26:00,3h 47m,206,227,21
NKS1085,A320,Miami Intl (KMIA),Minneapolis/St Paul Intl (KMSP),04.03.2024,03:42PM,04.03.2024,06:09PM,0 days 02:55:00,3h 50m,175,230,55
NKS886,A320,Queen Beatrix Int'l (AUA / TNCA),Fort Lauderdale Intl (KFLL),04.03.2024,04:44PM,04.03.2024,06:39PM,0 days 01:20:00,3h 09m,80,189,109
SKX5138,A320,Rodriguez Ballon Int'l (AQP / SPQU),Jorge Chávez Int'l (LIM / SPJC),04.03.2024,03:46PM,04.03.2024,05:06PM,0 days 02:05:00,1h 40m,125,100,-25
SWR1254,A320,Zurich (Kloten) (ZRH / LSZH),Stockholm-Arlanda (ARN / ESSA),04.03.2024,09:42PM,04.03.2024,11:47PM,0 days 01:05:00,2h 24m,65,144,79
SWR962,A320,Zurich (Kloten) (ZRH / LSZH),Berlin-Brandenburg (BER / EDDB),04.03.2024,09:44PM,04.03.2024,10:49PM,0 days 00:40:00,1h 26m,40,86,46
TAM3070,A320,São Paulo-Congonhas (CGH / SBSP),Afonso Pena Int'l (CWB / SBCT),04.03.2024,05:45PM,04.03.2024,06:25PM,0 days 00:55:00,0h 35m,55,35,-20
TAM3481,A320,Afonso Pena Int'l (CWB / SBCT),Foz do Iguacu Int'l (Cataratas Int'l) (IGU / SBFI),04.03.2024,05:44PM,04.03.2024,06:35PM,0 days 02:20:00,2h 35m,140,155,15
TAM3743,A320,Pinto Martins Int'l (FOR / SBFZ),Presidente Juscelino Kubitschek Int'l (BSB / SBBR),04.03.2024,05:42PM,04.03.2024,08:02PM,0 days 02:53:00,2h 30m,173,150,-23
UAL1245,A320,Salt Lake City Intl (KSLC),Houston Bush Int'ctl (KIAH),04.03.2024,01:44PM,04.03.2024,05:37PM,0 days 01:05:00,3h 18m,65,198,133
UAL250,A320,Albuquerque Intl Sunport (KABQ),Denver Intl (KDEN),04.03.2024,01:44PM,04.03.2024,02:49PM,0 days 02:30:00,2h 34m,150,154,4
UAL535,A320,Denver Intl (KDEN),San Jose Int'l (KSJC),04.03.2024,01:46PM,04.03.2024,03:16PM,0 days 01:24:00,2h 51m,84,171,87
VIV570,A320,Queretaro Intercontinental Airport (QRO / MMQT),San Antonio Intl (KSAT),04.03.2024,02:44PM,04.03.2024,04:40PM,0 days 01:56:00,2h 06m,116,126,10
AVA5217,A320,Simon Bolivar (SMR / SKSM),El Dorado Int'l (BOG / SKBO),04.03.2024,04:25PM,04.03.2024,05:24PM,0 days 00:37:00,0h 45m,37,45,8
DLH1410,A320,Frankfurt Int'l (FRA / EDDF),Belgrade Nikola Tesla Int'l (BEG / LYBE),04.03.2024,10:24PM,04.03.2024,11:55PM,0 days 01:35:00,1h 50m,95,110,15
ITY1783,A320,Leonardo da Vinci Int'l (Fiumicino Int'l) (FCO / LIRF),Palermo Int'l (Punta Raisi Falcone-Borsellino) (PMO / LICJ),04.03.2024,10:24PM,04.03.2024,11:09PM,0 days 00:32:00,0h 40m,32,40,7.99999999999999
NKS2047,A320,Orlando Intl (KMCO),Manchester Boston Rgnl (KMHT),04.03.2024,04:24PM,04.03.2024,06:58PM,0 days 02:35:00,2h 53m,155,173,18
TAP1936,A320,General Humberto Delgado Airport (LIS / LPPT),Porto / Oporto (OPO / LPPR),04.03.2024,09:24PM,04.03.2024,10:06PM,0 days 00:42:00,0h 55m,42,55,13
AAY2665,A320,Pittsburgh Intl (KPIT),Clearwater Intl (KPIE),04.03.2024,04:24PM,04.03.2024,06:35PM,0 days 02:02:00,2h 15m,122,135,13
LDA2367,A320,Košice Int'l (KSC / LZKZ),London Stansted (STN / EGSS),04.03.2024,10:24PM,04.03.2024,11:22PM,0 days 01:41:00,1h 48m,101,108,7
ANZ418,A320,Wellington Int'l (WLG / NZWN),Auckland (AKL / NZAA),05.03.2024,10:24AM,05.03.2024,11:16AM,0 days 00:42:00,0h 58m,42,58,16
GAP2836,A320,Mactan-Cebu Int'l (CEB / RPVM),Manila Int'l (MNL / RPLL),05.03.2024,05:24AM,05.03.2024,06:29AM,0 days 01:05:00,1h 20m,65,80,15
PGT2206,A320,Istanbul Sabiha Gokcen Int'l (SAW / LTFJ),İzmir Adnan Menderes Int'l (ADB / LTBJ),05.03.2024,12:24AM,05.03.2024,01:00AM,0 days 00:55:00,1h 10m,55,70,15
TAM4511,A320,Campo Grande Int'l (CGR / SBCG),Presidente Juscelino Kubitschek Int'l (BSB / SBBR),04.03.2024,05:24PM,04.03.2024,07:25PM,0 days 01:10:00,1h 35m,70,95,25
GAP2557,A320,Manila Int'l (MNL / RPLL),Dipolog (DPL / RPMG),05.03.2024,05:23AM,05.03.2024,06:09AM,0 days 01:10:00,1h 30m,70,90,20
AAY3187,A320,Punta Gorda (KPGD),Appleton Intl (KATW),05.03.2024,04:10PM,05.03.2024,06:09PM,0 days 02:32:00,2h 42m,152,162,10
ABY945,A320,Kazan (KZN / UWKD),Sharjah Int'l (SHJ / OMSJ),06.03.2024,12:11AM,06.03.2024,05:51AM,0 days 04:40:00,4h 40m,280,280,0
AEE218,A320,Athens Int'l  Eleftherios Venizelos (ATH / LGAV),Rhodes Int'l  Diagoras (RHO / LGRP),05.03.2024,11:10PM,05.03.2024,11:59PM,0 days 00:25:00,0h 59m,25,59,34
AVA4813,A320,El Dorado Int'l (BOG / SKBO),El Alcaravan (EYP / SKYP),05.03.2024,04:09PM,05.03.2024,04:36PM,0 days 00:41:00,1h 01m,41,61,20
AVA8518,A320,Matecana Int'l (PEI / SKPE),El Dorado Int'l (BOG / SKBO),05.03.2024,04:13PM,05.03.2024,04:51PM,0 days 00:38:00,1h 02m,38,62,24
AVA8598,A320,Antonio Narino (PSO / SKPS),El Dorado Int'l (BOG / SKBO),05.03.2024,04:13PM,05.03.2024,04:33PM,0 days 00:20:00,1h 18m,20,78,58
AVA9205,A320,El Dorado Int'l (BOG / SKBO),Alfonso Bonilla Aragon Int'l (CLO / SKCL),05.03.2024,04:10PM,05.03.2024,05:00PM,0 days 00:50:00,1h 39m,50,99,49
AVA9547,A320,Rafael Nunez Int'l (CTG / SKCG),El Dorado Int'l (BOG / SKBO),05.03.2024,04:08PM,05.03.2024,04:43PM,0 days 00:35:00,1h 31m,35,91,56
CEB203,A320,Mactan-Cebu Int'l (CEB / RPVM),Laguindingan Intl (CGY / RPMY),06.03.2024,05:10AM,06.03.2024,05:45AM,0 days 00:35:00,0h 35m,35,35,0
CEB551,A320,Manila Int'l (MNL / RPLL),Mactan-Cebu Int'l (CEB / RPVM),06.03.2024,05:11AM,06.03.2024,06:05AM,0 days 00:55:00,1h 04m,55,64,9
DAL1389,A320,Detroit Metro Wayne Co (KDTW),Boston Logan Intl (KBOS),05.03.2024,04:09PM,05.03.2024,05:30PM,0 days 01:21:00,1h 50m,81,110,29
DAL2050,A320,Hartsfield-Jackson Intl (KATL),Buffalo Niagara Intl (KBUF),05.03.2024,04:08PM,05.03.2024,05:36PM,0 days 01:28:00,1h 53m,88,113,25
DAL2260,A320,Austin-Bergstrom Intl (KAUS),Harry Reid Intl (KLAS),05.03.2024,03:12PM,05.03.2024,03:49PM,0 days 02:38:00,3h 01m,158,181,23
EZY2114,A320,Charles de Gaulle/Roissy (CDG / LFPG),Manchester (MAN / EGCC),05.03.2024,10:10PM,05.03.2024,10:00PM,0 days 01:00:00,1h 22m,60,82,22
EZY2168,A320,Amsterdam Schiphol (AMS / EHAM),Manchester (MAN / EGCC),05.03.2024,10:11PM,05.03.2024,10:05PM,0 days 00:57:00,1h 15m,57,75,18
EZY3302,A320,Amsterdam Schiphol (AMS / EHAM),Edinburgh (EDI / EGPH),05.03.2024,10:13PM,05.03.2024,10:16PM,0 days 01:03:00,1h 15m,63,75,12
EZY7652,A320,Adolfo Suárez Madrid-Barajas (MAD / LEMD),General Humberto Delgado Airport (LIS / LPPT),05.03.2024,10:13PM,05.03.2024,10:12PM,0 days 00:59:00,1h 13m,59,73,14
GAP2203,A320,Manila Int'l (MNL / RPLL),Roxas (RXS / RPVR),06.03.2024,05:09AM,06.03.2024,05:30AM,0 days 00:21:00,1h 34m,21,94,73
GAP2967,A320,Manila Int'l (MNL / RPLL),Bancasi (Butuan) (BXU / RPME),06.03.2024,05:13AM,06.03.2024,06:33AM,0 days 01:20:00,1h 52m,80,112,32
IBS3849,A320,Gran Canaria Int'l (LPA / GCLP),Adolfo Suárez Madrid-Barajas (MAD / LEMD),05.03.2024,09:13PM,06.03.2024,12:22AM,0 days 02:09:00,2h 22m,129,142,13
ITY1603,A320,Leonardo da Vinci Int'l (Fiumicino Int'l) (FCO / LIRF),Palese Macchie (BRI / LIBD),05.03.2024,10:11PM,05.03.2024,11:04PM,0 days 00:45:00,1h 07m,45,67,22
JBU1130,A320,Fort Lauderdale Intl (KFLL),Charleston Intl/AFB (KCHS),05.03.2024,04:12PM,05.03.2024,05:21PM,0 days 01:05:00,1h 30m,65,90,25
JBU1754,A320,Luis Munoz Marin Intl (SJU / TJSJ),Fort Lauderdale Intl (KFLL),05.03.2024,05:09PM,05.03.2024,06:33PM,0 days 02:43:00,2h 59m,163,179,16
JBU371,A320,LaGuardia (KLGA),Fort Lauderdale Intl (KFLL),05.03.2024,04:10PM,05.03.2024,06:35PM,0 days 02:58:00,3h 06m,178,186,8
JST403,A320,Gold Coast (OOL / YBCG),Sydney (SYD / YSSY),06.03.2024,07:11AM,06.03.2024,09:21AM,0 days 00:50:00,1h 20m,50,80,30
JZR228,A320,King Khalid Int'l (RUH / OERK),Kuwait Int'l (KWI / OKKK),06.03.2024,12:11AM,06.03.2024,01:01AM,0 days 00:50:00,1h 00m,50,60,10
KAC382,A320,Indira Gandhi Int'l (DEL / VIDP),Kuwait Int'l (KWI / OKKK),06.03.2024,02:40AM,06.03.2024,04:55AM,0 days 04:45:00,4h 55m,285,295,10
LPE2330,A320,Jorge Chávez Int'l (LIM / SPJC),Rodriguez Ballon Int'l (AQP / SPQU),05.03.2024,04:09PM,05.03.2024,05:24PM,0 days 01:15:00,1h 39m,75,99,24
PIA258,A320,Sharjah Int'l (SHJ / OMSJ),Peshawar Int'l (PEW / OPPS),06.03.2024,01:10AM,06.03.2024,04:40AM,0 days 02:30:00,2h 40m,150,160,10
SVA1054,A320,King Abdulaziz Int'l (JED / OEJN),King Khalid Int'l (RUH / OERK),06.03.2024,12:10AM,06.03.2024,01:35AM,0 days 01:25:00,1h 35m,85,95,10
TAI316,A320,Tocumen Int'l (PTY / MPTO),El Salvador Int'l (SAL / MSLP),05.03.2024,04:09PM,05.03.2024,04:33PM,0 days 01:24:00,2h 05m,84,125,41
TAM3102,A320,São Paulo-Congonhas (CGH / SBSP),Santa Genoveva (GYN / SBGO),05.03.2024,06:12PM,05.03.2024,07:37PM,0 days 01:25:00,1h 35m,85,95,10
TAM3631,A320,Deputado Luis Eduardo Magalhaes Int'l (Dois de Julho) (SSA / SBSV),São Paulo-Congonhas (CGH / SBSP),05.03.2024,06:12PM,05.03.2024,08:32PM,0 days 02:20:00,2h 30m,140,150,10
TAP1549,A320,General Humberto Delgado Airport (LIS / LPPT),Amilcar Cabral Int'l (SID / GVAC),05.03.2024,09:12PM,06.03.2024,12:02AM,0 days 03:50:00,4h 07m,230,247,17
THA314,A320,Netaji Subhash Chandra Bose Int'l (CCU / VECC),Suvarnabhumi Bangkok Int'l (BKK / VTBS),06.03.2024,02:42AM,06.03.2024,06:17AM,0 days 02:05:00,2h 15m,125,135,9.99999999999999
UAL1243,A320,Lic. Gustavo Diaz Ordaz Int'l (PVR / MMPR),San Francisco Int'l (KSFO),05.03.2024,03:09PM,05.03.2024,05:05PM,0 days 03:57:00,4h 26m,237,266,29
VOI135,A320,Xoxocotlan Int'l (OAX / MMOX),Cancun Int'l (CUN / MMUN),05.03.2024,03:12PM,05.03.2024,05:55PM,0 days 01:43:00,2h 05m,103,125,22
AAL1571,A320,John Glenn Columbus Intl Airport (KCMH),Charlotte/Douglas Intl (KCLT),05.03.2024,04:27PM,05.03.2024,05:23PM,0 days 00:54:00,1h 25m,54,85,31
AAL1742,A320,General Mariano Escobedo Int'l (MTY / MMMY),Dallas-Fort Worth Intl (KDFW),05.03.2024,03:26PM,05.03.2024,04:54PM,0 days 01:23:00,1h 43m,83,103,20
AAL2840,A320,Chicago O'Hare Intl (KORD),Philadelphia Intl (KPHL),05.03.2024,03:25PM,05.03.2024,05:58PM,0 days 01:37:00,1h 49m,97,109,12
ANZ418,A320,Wellington Int'l (WLG / NZWN),Auckland (AKL / NZAA),06.03.2024,10:24AM,06.03.2024,11:08AM,0 days 00:39:00,0h 59m,39,59,20
ARE4005,A320,Jose Maria Cordova Int'l (MDE / SKRG),El Dorado Int'l (BOG / SKBO),05.03.2024,04:29PM,05.03.2024,05:02PM,0 days 00:33:00,0h 37m,33,37,3.99999999999999
ARE4176,A320,El Dorado Int'l (BOG / SKBO),Palonegro (BGA / SKBG),05.03.2024,04:24PM,05.03.2024,04:55PM,0 days 00:13:00,0h 43m,13,43,30
AUA220,A320,Frankfurt Int'l (FRA / EDDF),Vienna Int'l (Schwechat) (VIE / LOWW),05.03.2024,10:26PM,05.03.2024,11:16PM,0 days 00:56:00,1h 00m,56,60,4
AVA9552,A320,El Dorado Int'l (BOG / SKBO),Rafael Nunez Int'l (CTG / SKCG),05.03.2024,04:28PM,05.03.2024,05:43PM,0 days 01:15:00,1h 15m,75,75,0
AVA9776,A320,El Dorado Int'l (BOG / SKBO),Gustavo Rojas Pinilla Int'l (Sesquicentenario) (ADZ / SKSP),05.03.2024,04:29PM,05.03.2024,05:57PM,0 days 01:52:00,1h 54m,112,114,2
AZU2700,A320,Viracopos Int'l (VCP / SBKP),Campo Grande Int'l (CGR / SBCG),05.03.2024,06:25PM,05.03.2024,06:46PM,0 days 01:18:00,1h 40m,78,100,22
AZU4555,A320,Sinop (OPS / SBSI),Viracopos Int'l (VCP / SBKP),05.03.2024,05:24PM,05.03.2024,08:28PM,0 days 01:57:00,2h 20m,117,140,23
CRK764,A320,Suvarnabhumi Bangkok Int'l (BKK / VTBS),Hong Kong Int'l (HKG / VHHH),06.03.2024,04:24AM,06.03.2024,07:31AM,0 days 02:25:00,2h 25m,145,145,0
DAL715,A320,Minneapolis/St Paul Intl (KMSP),Chicago O'Hare Intl (KORD),05.03.2024,03:26PM,05.03.2024,04:21PM,0 days 00:55:00,1h 10m,55,70,15
DLH1682,A320,Munich Int'l (MUC / EDDM),Budapest Ferenc Liszt International Airport (BUD / LHBP),05.03.2024,10:26PM,05.03.2024,11:15PM,0 days 00:55:00,0h 55m,55,55,0
EZY318,A320,London Stansted (STN / EGSS),Edinburgh (EDI / EGPH),05.03.2024,09:25PM,05.03.2024,10:18PM,0 days 00:48:00,1h 15m,48,75,27
EZY340,A320,Birmingham Int'l (BHX / EGBB),Edinburgh (EDI / EGPH),05.03.2024,09:24PM,05.03.2024,10:19PM,0 days 00:39:00,1h 05m,39,65,26
EZY7756,A320,Madeira Int'l (Funchal) (FNC / LPMA),Porto / Oporto (OPO / LPPR),05.03.2024,09:28PM,05.03.2024,10:59PM,0 days 01:31:00,2h 00m,91,120,29
FAD764,A320,Cairo Int'l (CAI / HECA),King Abdulaziz Int'l (JED / OEJN),05.03.2024,11:27PM,06.03.2024,02:05AM,0 days 01:55:00,1h 55m,115,115,0
GXA6135,A320,Boeing Field Intl (KBFI),El Paso Intl (KELP),05.03.2024,01:29PM,05.03.2024,05:15PM,0 days 02:45:00,2h 52m,165,172,7
IBE442,A320,Adolfo Suárez Madrid-Barajas (MAD / LEMD),Bilbao (BIO / LEBB),05.03.2024,10:28PM,05.03.2024,11:13PM,0 days 00:45:00,0h 45m,45,45,0
IGO1027,A320,Rajiv Gandhi Int'l (HYD / VOHS),Singapore Changi (SIN / WSSS),06.03.2024,02:55AM,06.03.2024,09:34AM,0 days 04:30:00,4h 20m,270,260,-10.0000000000001
IYE611,A320,Cairo Int'l (CAI / HECA),Aden Int'l (ADE / OYAA),05.03.2024,11:24PM,06.03.2024,03:34AM,0 days 03:10:00,3h 10m,190,190,0
JST759,A320,Brisbane (BNE / YBBN),Hobart Int'l (HBA / YMHB),06.03.2024,07:25AM,06.03.2024,10:44AM,0 days 02:19:00,2h 20m,139,140,1
JZR735,A320,Kuwait Int'l (KWI / OKKK),Cairo Int'l (CAI / HECA),06.03.2024,12:29AM,06.03.2024,02:14AM,0 days 02:45:00,2h 45m,165,165,0
LAP1301,A320,Silvio Pettirossi Int'l (ASU / SGAS),São Paulo-Guarulhos Int'l (GRU / SBGR),05.03.2024,06:25PM,05.03.2024,08:15PM,0 days 01:50:00,1h 50m,110,110,0
LPE2145,A320,Jorge Chávez Int'l (LIM / SPJC),Capitan FAP Carlos Martinez de Pinillos (TRU / SPRU),05.03.2024,04:26PM,05.03.2024,05:21PM,0 days 00:55:00,0h 55m,55,55,0
LPE2411,A320,Jose Marti Int'l (HAV / MUHA),Jorge Chávez Int'l (LIM / SPJC),05.03.2024,04:28PM,05.03.2024,09:30PM,0 days 05:05:00,5h 05m,305,305,0
NKS2090,A320,Fort Lauderdale Intl (KFLL),Detroit Metro Wayne Co (KDTW),05.03.2024,04:24PM,05.03.2024,06:50PM,0 days 02:35:00,2h 49m,155,169,14
ROU1872,A320,Guanacaste (LIR / MRLB),Toronto Pearson Int'l (CYYZ),05.03.2024,03:27PM,05.03.2024,09:10PM,0 days 05:05:00,5h 25m,305,325,20
SIF714,A320,Jinnah Int'l (KHI / OPKC),King Abdulaziz Int'l (JED / OEJN),06.03.2024,02:26AM,06.03.2024,04:26AM,0 days 04:00:00,3h 54m,240,234,-6
SVA1002,A320,King Abdulaziz Int'l (JED / OEJN),King Khalid Int'l (RUH / OERK),06.03.2024,12:24AM,06.03.2024,01:48AM,0 days 01:25:00,1h 54m,85,114,29
TAI539,A320,Ramon Villeda Morales Int'l (SAP / MHLM),El Salvador Int'l (SAL / MSLP),05.03.2024,03:26PM,05.03.2024,03:46PM,0 days 00:20:00,0h 40m,20,40,20
UAL1095,A320,Roberts Fld (KRDM),Denver Intl (KDEN),05.03.2024,01:25PM,05.03.2024,04:16PM,0 days 01:55:00,1h 42m,115,102,-13
VIV2134,A320,Cancun Int'l (CUN / MMUN),Don Miguel Hidalgo y Costilla Int'l (GDL / MMGL),05.03.2024,04:29PM,05.03.2024,06:19PM,0 days 02:50:00,2h 40m,170,160,-10
VIV9066,A320,Del Bajio Guanajuato Int'l (BJX / MMLO),Abraham Gonzalez Int'l (CJS / MMCS),05.03.2024,03:29PM,05.03.2024,05:19PM,0 days 01:50:00,1h 50m,110,110,0
VLG3066,A320,Malaga (AGP / LEMG),Gran Canaria Int'l (LPA / GCLP),05.03.2024,10:26PM,05.03.2024,11:22PM,0 days 02:05:00,2h 05m,125,125,-1.4210854715202E-14
AAL1571,A320,John Glenn Columbus Intl Airport (KCMH),Charlotte/Douglas Intl (KCLT),05.03.2024,04:27PM,05.03.2024,05:23PM,0 days 00:54:00,1h 25m,54,85,31
TAM3760,A320,Presidente Juscelino Kubitschek Int'l (BSB / SBBR),Zumbi dos Palmares (Campo dos Palmares) (MCZ / SBMO),05.03.2024,06:16PM,05.03.2024,08:25PM,0 days 02:00:00,2h 15m,120,135,15
EZY3530,A320,Palese Macchie (BRI / LIBD),Malpensa Int'l (MXP / LIMC),05.03.2024,10:16PM,05.03.2024,11:37PM,0 days 01:19:00,1h 35m,79,95,16
NKS1148,A320,Orlando Intl (KMCO),Charlotte/Douglas Intl (KCLT),05.03.2024,04:16PM,05.03.2024,05:23PM,0 days 01:14:00,1h 25m,74,85,11
ANZ417,A320,Auckland (AKL / NZAA),Wellington Int'l (WLG / NZWN),06.03.2024,10:16AM,06.03.2024,11:06AM,0 days 00:59:00,1h 10m,59,70,11
WMT3762,A320,Bologna (Guglielmo Marconi) (BLQ / LIPE),Craiova (CRA / LRCV),05.03.2024,10:17PM,06.03.2024,12:55AM,0 days 01:40:00,2h 05m,100,125,25
AEE121,A320,"Thessaloniki Int'l, Makedonia (SKG / LGTS)","Athens Int'l, Eleftherios Venizelos (ATH / LGAV)",06.03.2024,06:13PM,06.03.2024,06:50PM,0 days 00:36:00,0h 47m,36,47,11
AFR1185,A320,Tunis-Carthage Int'l (TUN / DTTA),Charles de Gaulle/Roissy (CDG / LFPG),06.03.2024,05:13PM,06.03.2024,07:19PM,0 days 02:19:00,2h 35m,139,155,16
ALK172,A320,Bengaluru Int'l (BLR / VOBL),Bandaranaike Int'l (CMB / VCBI),06.03.2024,09:45PM,06.03.2024,10:55PM,0 days 01:10:00,1h 25m,70,85,15
AVA8590,A320,El Dorado Int'l (BOG / SKBO),Almirante Padilla (RCH / SKRH),06.03.2024,11:13AM,06.03.2024,12:29PM,0 days 01:16:00,1h 36m,76,96,20
AWQ109,A320,Penang Int'l (PEN / WMKP),Kuala Namu International (KNO / WIMM),07.03.2024,12:13AM,06.03.2024,11:43PM,0 days 00:30:00,0h 30m,30,30,0
AZU2835,A320,São Paulo-Guarulhos Int'l (GRU / SBGR),Marechal Rondon (CGB / SBCY),06.03.2024,01:12PM,06.03.2024,02:03PM,0 days 01:51:00,2h 14m,111,134,23
BAW368,A320,London Heathrow (LHR / EGLL),Marseille Provence (MRS / LFML),06.03.2024,04:14PM,06.03.2024,06:49PM,0 days 01:35:00,2h 03m,95,123,28
BAW866,A320,London Heathrow (LHR / EGLL),Budapest Ferenc Liszt International Airport (BUD / LHBP),06.03.2024,04:13PM,06.03.2024,07:23PM,0 days 02:23:00,2h 42m,143,162,19
BAW905,A320,Frankfurt Int'l (FRA / EDDF),London Heathrow (LHR / EGLL),06.03.2024,05:13PM,06.03.2024,05:16PM,0 days 01:14:00,1h 31m,74,91,17
BNL103,A320,Benina Int'l (BEN / HLLB),Tunis-Carthage Int'l (TUN / DTTA),06.03.2024,06:14PM,06.03.2024,06:44PM,0 days 01:30:00,1h 30m,90,90,0
CES2830,A320,Shenzhen Bao'an Int'l (SZX / ZGSZ),Nanjing Lukou Int'l (NKG / ZSNJ),07.03.2024,12:13AM,07.03.2024,01:42AM,0 days 01:29:00,1h 51m,89,111,22
DLH1679,A320,Budapest Ferenc Liszt International Airport (BUD / LHBP),Munich Int'l (MUC / EDDM),06.03.2024,05:14PM,06.03.2024,06:09PM,0 days 00:55:00,1h 10m,55,70,15
EJU1746,A320,Brussels (BRU / EBBR),Nice Cote d'Azur (NCE / LFMN),06.03.2024,05:14PM,06.03.2024,06:39PM,0 days 01:25:00,1h 31m,85,91,6
EJU7666,A320,Madeira Int'l (Funchal) (FNC / LPMA),General Humberto Delgado Airport (LIS / LPPT),06.03.2024,04:13PM,06.03.2024,05:27PM,0 days 01:14:00,1h 26m,74,86,12
EZY1568,A320,Budapest Ferenc Liszt International Airport (BUD / LHBP),Geneva Cointrin Int'l (GVA / LSGG),06.03.2024,05:13PM,06.03.2024,06:40PM,0 days 01:27:00,1h 11m,87,71,-16
EZY533,A320,Liverpool John Lennon (LPL / EGGP),George Best Belfast City (BHD / EGAC),06.03.2024,04:13PM,06.03.2024,04:46PM,0 days 00:32:00,0h 47m,32,47,15
EZY8404,A320,Charles de Gaulle/Roissy (CDG / LFPG),London Gatwick (LGW / EGKK),06.03.2024,05:12PM,06.03.2024,04:42PM,0 days 00:30:00,0h 40m,30,40,10
GBB212,A320,King Shaka Int'l (DUR / FALE),OR Tambo Int'l (JNB / FAOR),06.03.2024,06:13PM,06.03.2024,07:00PM,0 days 00:45:00,1h 05m,45,65,20
JBU953,A320,John F Kennedy Intl (KJFK),Palm Beach Intl (KPBI),06.03.2024,11:12AM,06.03.2024,01:48PM,0 days 02:51:00,2h 37m,171,157,-14
NKS3666,A320,New Orleans Intl (KMSY),Detroit Metro Wayne Co (KDTW),06.03.2024,10:12AM,06.03.2024,01:02PM,0 days 02:01:00,2h 22m,121,142,21
SAA422,A320,Port Elizabeth (PLZ / FAPE),OR Tambo Int'l (JNB / FAOR),06.03.2024,06:15PM,06.03.2024,07:30PM,0 days 01:15:00,1h 34m,75,94,19
UAL2180,A320,Los Cabos Int'l (SJD / MMSD),Houston Bush Int'ctl (KIAH),06.03.2024,09:14AM,06.03.2024,12:27PM,0 days 02:13:00,2h 33m,133,153,20
VTI864,A320,Bengaluru Int'l (BLR / VOBL),Chatrapati Shivaji Int'l (BOM / VABB),06.03.2024,09:43PM,06.03.2024,10:58PM,0 days 01:15:00,1h 35m,75,95,20
WMT4809,A320,Rinas Mother Teresa (TIA / LATI),Treviso (Sant'Angelo) (TSF / LIPH),06.03.2024,05:15PM,06.03.2024,06:40PM,0 days 01:25:00,1h 25m,85,85,0
AAL2325,A320,Charlotte/Douglas Intl (KCLT),Pensacola Intl (KPNS),06.03.2024,11:40AM,06.03.2024,11:56AM,0 days 01:16:00,1h 42m,76,102,26
AAY948,A320,General Downing - Peoria Intl (KPIA),Punta Gorda (KPGD),06.03.2024,10:40AM,06.03.2024,01:58PM,0 days 02:18:00,2h 49m,138,169,31
AIQ787,A320,Macau Int'l (MFM / VMMC),Don Muang Int'l (Old Bangkok Int'l) (DMK / VTBD),07.03.2024,12:37AM,07.03.2024,02:12AM,0 days 02:35:00,2h 35m,155,155,0
ARE4269,A320,Gustavo Rojas Pinilla Int'l (Sesquicentenario) (ADZ / SKSP),El Dorado Int'l (BOG / SKBO),06.03.2024,11:39AM,06.03.2024,01:18PM,0 days 01:42:00,2h 02m,102,122,20
AUA115,A320,Vienna Int'l (Schwechat) (VIE / LOWW),Munich Int'l (MUC / EDDM),06.03.2024,05:39PM,06.03.2024,06:19PM,0 days 00:40:00,1h 00m,40,60,20
AUA304,A320,Copenhagen (CPH / EKCH),Vienna Int'l (Schwechat) (VIE / LOWW),06.03.2024,05:40PM,06.03.2024,07:05PM,0 days 01:25:00,1h 52m,85,112,27
AUA375,A320,Vienna Int'l (Schwechat) (VIE / LOWW),Amsterdam Schiphol (AMS / EHAM),06.03.2024,05:40PM,06.03.2024,07:15PM,0 days 01:35:00,1h 45m,95,105,10
AVA50,A320,Jorge Chávez Int'l (LIM / SPJC),El Dorado Int'l (BOG / SKBO),06.03.2024,11:40AM,06.03.2024,01:43PM,0 days 02:03:00,3h 26m,123,206,83
AVA8515,A320,El Dorado Int'l (BOG / SKBO),Matecana Int'l (PEI / SKPE),06.03.2024,11:37AM,06.03.2024,11:53AM,0 days 00:39:00,0h 59m,39,59,20
AVA9481,A320,Palonegro (BGA / SKBG),El Dorado Int'l (BOG / SKBO),06.03.2024,11:37AM,06.03.2024,12:22PM,0 days 00:45:00,1h 06m,45,66,21
BAW480,A320,London Heathrow (LHR / EGLL),Barcelona Int'l (BCN / LEBL),06.03.2024,04:38PM,06.03.2024,07:14PM,0 days 01:54:00,2h 08m,114,128,14
CSZ9005,A320,Shenzhen Bao'an Int'l (SZX / ZGSZ),Suvarnabhumi Bangkok Int'l (BKK / VTBS),07.03.2024,12:39AM,07.03.2024,02:11AM,0 days 02:32:00,2h 34m,152,154,2
DAL1078,A320,Minneapolis/St Paul Intl (KMSP),Valley Intl (KHRL),06.03.2024,10:38AM,06.03.2024,01:24PM,0 days 02:46:00,3h 09m,166,189,23
DAL1626,A320,Minneapolis/St Paul Intl (KMSP),New Orleans Intl (KMSY),06.03.2024,10:37AM,06.03.2024,12:44PM,0 days 02:12:00,2h 34m,132,154,22
DAL2363,A320,Dallas-Fort Worth Intl (KDFW),Hartsfield-Jackson Intl (KATL),06.03.2024,10:38AM,06.03.2024,01:13PM,0 days 01:35:00,2h 10m,95,130,35
DLH84,A320,Frankfurt Int'l (FRA / EDDF),Dusseldorf Int'l (DUS / EDDL),06.03.2024,05:38PM,06.03.2024,06:03PM,0 days 00:25:00,0h 40m,25,40,15
EJU3517,A320,Malpensa Int'l (MXP / LIMC),Casale (BDS / LIBR),06.03.2024,05:39PM,06.03.2024,06:55PM,0 days 01:16:00,1h 26m,76,86,10
ETD283,A320,Cochin Int'l (Kochi Int'l) (COK / VOCI),Abu Dhabi Int'l (AUH / OMAA),06.03.2024,10:09PM,07.03.2024,12:32AM,0 days 03:53:00,4h 14m,233,254,21
EZS1465,A320,Geneva Cointrin Int'l (GVA / LSGG),General Humberto Delgado Airport (LIS / LPPT),06.03.2024,05:41PM,06.03.2024,06:46PM,0 days 02:05:00,2h 15m,125,135,9.99999999999999
EZY4057,A320,Marco Polo Int'l (Marco Polo Venice) (VCE / LIPZ),Bristol Int'l (BRS / EGGD),06.03.2024,05:38PM,06.03.2024,06:27PM,0 days 01:49:00,1h 59m,109,119,10
EZY821,A320,London Gatwick (LGW / EGKK),Belfast Int'l (BFS / EGAA),06.03.2024,04:38PM,06.03.2024,05:39PM,0 days 01:01:00,1h 18m,61,78,17
GFA63,A320,Thiruvananthapuram Int'l (TRV / VOTV),Bahrain Int'l (BAH / OBBI),06.03.2024,10:10PM,07.03.2024,12:05AM,0 days 04:25:00,4h 50m,265,290,24.9999999999999
GLG1682,A320,Jose Joaquin de Olmedo Int'l (GYE / SEGU),San Cristobal (SCY / SEST),06.03.2024,11:39AM,06.03.2024,12:10PM,0 days 01:31:00,1h 52m,91,112,21
IAD1132,A320,Bengaluru Int'l (BLR / VOBL),Cochin Int'l (Kochi Int'l) (COK / VOCI),06.03.2024,10:08PM,06.03.2024,10:53PM,0 days 00:45:00,0h 55m,45,55,10
ITY1733,A320,Leonardo da Vinci Int'l (Fiumicino Int'l) (FCO / LIRF),Catania-Fontanarossa Airport (CTA / LICC),06.03.2024,05:40PM,06.03.2024,06:35PM,0 days 00:55:00,1h 20m,55,80,25
JBU1135,A320,Cyril E King (STT / TIST),Luis Munoz Marin Intl (SJU / TJSJ),06.03.2024,12:39PM,06.03.2024,01:18PM,0 days 00:39:00,1h 00m,39,60,21
MSC469,A320,Cairo Int'l (CAI / HECA),King Khalid Int'l (RUH / OERK),06.03.2024,06:38PM,06.03.2024,10:03PM,0 days 02:25:00,2h 35m,145,155,10
NKS266,A320,Los Angeles Intl (KLAX),Philadelphia Intl (KPHL),06.03.2024,08:39AM,06.03.2024,04:07PM,0 days 04:33:00,4h 53m,273,293,19.9999999999999
NKS286,A320,Cancun Int'l (CUN / MMUN),Detroit Metro Wayne Co (KDTW),06.03.2024,11:38AM,06.03.2024,02:40PM,0 days 03:14:00,3h 35m,194,215,21
PIC6523,A320,Tan Son Nhat Int'l (SGN / VVTS),Phu Quoc International (PQC / VVPQ),06.03.2024,11:39PM,07.03.2024,12:24AM,0 days 00:45:00,0h 55m,45,55,10
TAM3650,A320,São Paulo-Congonhas (CGH / SBSP),Goiabeiras (VIX / SBVT),06.03.2024,01:39PM,06.03.2024,02:49PM,0 days 01:10:00,1h 20m,70,80,10
TAP436,A320,General Humberto Delgado Airport (LIS / LPPT),Paris Orly (ORY / LFPO),06.03.2024,04:38PM,06.03.2024,07:48PM,0 days 02:10:00,2h 23m,130,143,13
VIV112,A320,Lic. Benito Juarez Int'l (MEX / MMMX),Harry Reid Intl (KLAS),06.03.2024,10:37AM,06.03.2024,12:25PM,0 days 03:45:00,3h 58m,225,238,13
VIV3144,A320,Don Miguel Hidalgo y Costilla Int'l (GDL / MMGL),Angel Albino Corzo Int'l (TGZ / MMTG),06.03.2024,10:38AM,06.03.2024,12:18PM,0 days 01:40:00,1h 57m,100,117,17
VLG8472,A320,Valencia (VLC / LEVC),London Gatwick (LGW / EGKK),06.03.2024,05:41PM,06.03.2024,06:51PM,0 days 02:10:00,2h 20m,130,140,9.99999999999997
VTI565,A320,Chatrapati Shivaji Int'l (BOM / VABB),Jaipur (Sanganer) (JAI / VIJP),06.03.2024,10:08PM,06.03.2024,11:43PM,0 days 01:35:00,2h 02m,95,122,27
WMT3771,A320,Sibiu Int'l (SBZ / LRSB),London Luton (LTN / EGGW),06.03.2024,06:38PM,06.03.2024,07:35PM,0 days 02:50:00,2h 57m,170,177,7
WZZ4377,A320,Sofia Airport (SOF / LBSF),Copenhagen (CPH / EKCH),06.03.2024,06:40PM,06.03.2024,08:20PM,0 days 02:40:00,2h 45m,160,165,5
EZY8407,A320,London Gatwick (LGW / EGKK),Charles de Gaulle/Roissy (CDG / LFPG),06.03.2024,04:58PM,06.03.2024,06:46PM,0 days 00:48:00,1h 15m,48,75,27
FAD143,A320,King Khalid Int'l (RUH / OERK),King Abdulaziz Int'l (JED / OEJN),06.03.2024,07:56PM,06.03.2024,09:31PM,0 days 01:35:00,1h 35m,95,95,0
FAD508,A320,Dubai Int'l (DXB / OMDB),King Khalid Int'l (RUH / OERK),06.03.2024,08:56PM,06.03.2024,09:35PM,0 days 01:35:00,1h 35m,95,95,0
FIN456,A320,Oulu (OUL / EFOU),Helsinki-Vantaa (HEL / EFHK),06.03.2024,06:56PM,06.03.2024,07:37PM,0 days 00:45:00,0h 45m,45,45,0
HKE765,A320,Phuket Int'l (HKT / VTSP),Hong Kong Int'l (HKG / VHHH),06.03.2024,11:56PM,07.03.2024,03:49AM,0 days 03:05:00,3h 05m,185,185,0
IAD558,A320,Bengaluru Int'l (BLR / VOBL),Netaji Subhash Chandra Bose Int'l (CCU / VECC),06.03.2024,10:27PM,07.03.2024,12:22AM,0 days 01:55:00,2h 10m,115,130,15
LBT613,A320,Bologna (Guglielmo Marconi) (BLQ / LIPE),Tunis-Carthage Int'l (TUN / DTTA),06.03.2024,05:59PM,06.03.2024,07:19PM,0 days 01:20:00,1h 26m,80,86,6
LPE2111,A320,Jorge Chávez Int'l (LIM / SPJC),Rodriguez Ballon Int'l (AQP / SPQU),06.03.2024,11:57AM,06.03.2024,01:12PM,0 days 01:15:00,1h 15m,75,75,0
LPE2320,A320,Subteniente FAP Alejandro Velasco Astete Int'l (CUZ / SPZO),Padre Jose de Aldamiz Int'l (PEM / SPTU),06.03.2024,11:58AM,06.03.2024,12:35PM,0 days 00:40:00,0h 47m,40,47,7
NKS1619,A320,Pittsburgh Intl (KPIT),Orlando Intl (KMCO),06.03.2024,11:58AM,06.03.2024,01:58PM,0 days 02:00:00,2h 06m,120,126,6
QTR630,A320,Hamad Int'l (DOH / OTHH),Sialkot Int'l (SKT / OPST),06.03.2024,07:59PM,07.03.2024,01:14AM,0 days 03:15:00,3h 10m,195,190,-5
SAS1020,A320,Stockholm-Arlanda (ARN / ESSA),Skelleftea (SFT / ESNS),06.03.2024,05:58PM,06.03.2024,06:48PM,0 days 00:50:00,0h 50m,50,50,0
TAM3927,A320,Afonso Pena Int'l (CWB / SBCT),São Paulo-Congonhas (CGH / SBSP),06.03.2024,01:58PM,06.03.2024,02:43PM,0 days 00:45:00,0h 45m,45,45,0
TAP455,A320,Paris Orly (ORY / LFPO),Porto / Oporto (OPO / LPPR),06.03.2024,05:57PM,06.03.2024,06:50PM,0 days 01:53:00,1h 50m,113,110,-3
THY1845,A320,Istanbul Airport (IST / LTFM),"Athens Int'l, Eleftherios Venizelos (ATH / LGAV)",06.03.2024,07:57PM,06.03.2024,08:05PM,0 days 01:10:00,1h 10m,70,70,0
THY2612,A320,Istanbul Airport (IST / LTFM),Diyarbakir (DIY / LTCC),06.03.2024,07:58PM,06.03.2024,09:33PM,0 days 01:35:00,1h 35m,95,95,0
UAL2120,A320,Denver Intl (KDEN),New Orleans Intl (KMSY),06.03.2024,09:56AM,06.03.2024,12:59PM,0 days 02:03:00,2h 39m,123,159,36
VLG3916,A320,Barcelona Int'l (BCN / LEBL),Palma de Mallorca (or Son Sant Joan) (PMI / LEPA),06.03.2024,05:58PM,06.03.2024,06:32PM,0 days 00:33:00,0h 30m,33,30,-3.00000000000001
WAL522,A320,Miami Intl (KMIA),Ignacio Agramonte Int'l (CMW / MUCM),06.03.2024,11:57AM,06.03.2024,12:47PM,0 days 00:50:00,0h 50m,50,50,0
AFL1234,A320,Sheremetyevo Int'l (SVO / UUEE),Ufa Int'l (UFA / UWUU),07.03.2024,11:54AM,07.03.2024,03:15PM,0 days 01:36:00,1h 31m,96,91,-5
AFL1386,A320,Near Nizhny Novgorod,,07.03.2024,11:53AM,,,,0h 05m,,5,
AIQ3017,A320,Don Muang Int'l (Old Bangkok Int'l) (DMK / VTBD),Phuket Int'l (HKT / VTSP),07.03.2024,03:53PM,07.03.2024,05:08PM,0 days 01:15:00,1h 20m,75,80,5
AXM239,A320,Kota Kinabalu Int'l (BKI / WBKK),Hong Kong Int'l (HKG / VHHH),07.03.2024,04:54PM,07.03.2024,07:44PM,0 days 02:50:00,2h 51m,170,171,1
AXM385,A320,Jakarta-Soekarno-Hatta Int'l (CGK / WIII),Kuala Lumpur Int'l (KUL / WMKK),07.03.2024,03:55PM,07.03.2024,06:45PM,0 days 01:50:00,1h 50m,110,110,0
AXM5112,A320,Kuala Lumpur Int'l (KUL / WMKK),Kota Kinabalu Int'l (BKI / WBKK),07.03.2024,04:54PM,07.03.2024,07:09PM,0 days 02:15:00,2h 15m,135,135,-2.8421709430404E-14
CSC6796,A320,Shenzhen Bao'an Int'l (SZX / ZGSZ),Chengdu Tianfu Int'l (TFU / ZUTF),07.03.2024,04:54PM,07.03.2024,07:06PM,0 days 02:12:00,2h 17m,132,137,4.99999999999997
CTV195,A320,Ngurah Rai/Bali Intl (DPS / WADD),Halim Perdanakusuma Int'l (HLP / WIHH),07.03.2024,04:55PM,07.03.2024,05:25PM,0 days 01:30:00,2h 00m,90,120,30
EWG7581,A320,Palma de Mallorca (or Son Sant Joan) (PMI / LEPA),Hamburg (HAM / EDDH),07.03.2024,09:54AM,07.03.2024,12:24PM,0 days 02:30:00,2h 40m,150,160,10
EZY2184,A320,Geneva Cointrin Int'l (GVA / LSGG),Manchester (MAN / EGCC),07.03.2024,09:53AM,07.03.2024,10:05AM,0 days 01:12:00,1h 42m,72,102,30
EZY322,A320,Bristol Int'l (BRS / EGGD),Edinburgh (EDI / EGPH),07.03.2024,08:53AM,07.03.2024,09:29AM,0 days 00:36:00,0h 56m,36,56,20
OTC7771,A320,Changsha Huanghua Int'l (CSX / ZGHA),Chengdu Tianfu Int'l (TFU / ZUTF),07.03.2024,04:53PM,07.03.2024,06:34PM,0 days 01:41:00,2h 05m,101,125,24
PGT1261,A320,Istanbul Sabiha Gokcen Int'l (SAW / LTFJ),Rotterdam (RTM / EHRD),07.03.2024,11:55AM,07.03.2024,01:15PM,0 days 03:30:00,3h 40m,210,220,10
VTI691,A320,Indira Gandhi Int'l (DEL / VIDP),Sri Guru Ram Dass Jee International Airport (ATQ / VIAR),07.03.2024,02:24PM,07.03.2024,03:14PM,0 days 00:50:00,1h 11m,50,71,21
VTI819,A320,Indira Gandhi Int'l (DEL / VIDP),Bengaluru Int'l (BLR / VOBL),07.03.2024,02:23PM,07.03.2024,04:46PM,0 days 02:25:00,2h 37m,145,157,12
ABY624,A320,Sharjah Int'l (SHJ / OMSJ),Cairo Int'l (CAI / HECA),07.03.2024,01:22PM,07.03.2024,03:12PM,0 days 03:50:00,3h 53m,230,233,3
ADY730,A320,Abu Dhabi Int'l (AUH / OMAA),Heydar Aliyev Int'l (GYD / UBBB),07.03.2024,01:23PM,07.03.2024,04:13PM,0 days 02:50:00,2h 50m,170,170,0
AFR7304,A320,Charles de Gaulle/Roissy (CDG / LFPG),Nice Cote d'Azur (NCE / LFMN),07.03.2024,10:22AM,07.03.2024,11:33AM,0 days 01:11:00,1h 36m,71,96,25
APG777,A320,Manila Int'l (MNL / RPLL),Mactan-Cebu Int'l (CEB / RPVM),07.03.2024,05:22PM,07.03.2024,06:27PM,0 days 01:05:00,1h 05m,65,65,-1.4210854715202E-14
ARE4055,A320,El Dorado Int'l (BOG / SKBO),Alfonso Bonilla Aragon Int'l (CLO / SKCL),07.03.2024,04:22AM,07.03.2024,05:07AM,0 days 00:45:00,1h 05m,45,65,20
AWQ325,A320,Kuala Lumpur Int'l (KUL / WMKK),Juanda Int'l (SUB / WARR),07.03.2024,05:22PM,07.03.2024,06:52PM,0 days 02:30:00,2h 30m,150,150,0
AXM6085,A320,Sultan Azlan Shah (IPH / WMKI),Senai Int'l (Sultan Ismail Int'l) (JHB / WMKJ),07.03.2024,05:22PM,07.03.2024,06:07PM,0 days 00:45:00,0h 45m,45,45,0
VLG8722,A320,Barcelona Int'l (BCN / LEBL),Dublin Int'l (DUB / EIDW),07.03.2024,01:10PM,07.03.2024,02:38PM,0 days 02:28:00,2h 48m,148,168,20
CTV978,A320,Jakarta-Soekarno-Hatta Int'l (CGK / WIII),Kuala Namu International (KNO / WIMM),07.03.2024,04:22PM,07.03.2024,06:22PM,0 days 02:00:00,2h 10m,120,130,10
EZY8638,A320,Munich Int'l (MUC / EDDM),London Gatwick (LGW / EGKK),07.03.2024,10:22AM,07.03.2024,10:39AM,0 days 01:17:00,1h 47m,77,107,30
JJP517,A320,Narita Int'l (NRT / RJAA),Fukuoka (FUK / RJFF),07.03.2024,06:22PM,07.03.2024,08:27PM,0 days 02:05:00,2h 15m,125,135,9.99999999999999
LAO303,A320,Wattay Int'l (VTE / VLVT),Pakse (PKZ / VLPS),07.03.2024,04:23PM,07.03.2024,05:18PM,0 days 00:55:00,0h 55m,55,55,0
NWK1610,A320,Perth Int'l (PER / YPPH),Kalgoorlie-Boulder (KGI / YPKG),07.03.2024,05:23PM,07.03.2024,06:09PM,0 days 00:36:00,1h 10m,36,70,34
TAM3056,A320,São Paulo-Congonhas (CGH / SBSP),Afonso Pena Int'l (CWB / SBCT),07.03.2024,06:23AM,07.03.2024,07:08AM,0 days 00:45:00,0h 57m,45,57,12
VJC1831,A320,Tan Son Nhat Int'l (SGN / VVTS),Wattay Int'l (VTE / VLVT),07.03.2024,04:22PM,07.03.2024,05:47PM,0 days 01:25:00,1h 23m,85,83,-2
ANA1272,A320,New Chitose (CTS / RJCC),Hiroshima (HIJ / RJOA),07.03.2024,06:56PM,07.03.2024,08:51PM,0 days 01:55:00,1h 55m,115,115,0
ANA387,A320,Tokyo Int'l (Haneda) (HND / RJTT),Miho Airfield (Yonago) (YGJ / RJOH),07.03.2024,06:57PM,07.03.2024,08:02PM,0 days 01:05:00,1h 05m,65,65,-1.4210854715202E-14
AVA9653,A320,Jose Maria Cordova Int'l (MDE / SKRG),El Dorado Int'l (BOG / SKBO),07.03.2024,04:56AM,07.03.2024,05:30AM,0 days 00:34:00,0h 43m,34,43,8.99999999999999
AVA9785,A320,Rafael Nunez Int'l (CTG / SKCG),El Dorado Int'l (BOG / SKBO),07.03.2024,04:56AM,07.03.2024,05:18AM,0 days 00:22:00,0h 57m,22,57,35
AWQ508,A320,Ngurah Rai/Bali Intl (DPS / WADD),Singapore Changi (SIN / WSSS),07.03.2024,05:57PM,07.03.2024,08:27PM,0 days 02:30:00,2h 20m,150,140,-10
AWQ647,A320,Komodo (LBJ / WATO),Ngurah Rai/Bali Intl (DPS / WADD),07.03.2024,05:57PM,07.03.2024,06:47PM,0 days 00:50:00,0h 50m,50,50,0
AXM1771,A320,Kuching Int'l (KCH / WBGG),Singapore Changi (SIN / WSSS),07.03.2024,05:56PM,07.03.2024,07:21PM,0 days 01:25:00,1h 15m,85,75,-10
AXM5412,A320,Senai Int'l (Sultan Ismail Int'l) (JHB / WMKJ),Kuching Int'l (KCH / WBGG),07.03.2024,05:57PM,07.03.2024,07:02PM,0 days 01:05:00,1h 05m,65,65,-1.4210854715202E-14
AXM6183,A320,Miri (MYY / WBGR),Kuching Int'l (KCH / WBGG),07.03.2024,05:57PM,07.03.2024,06:37PM,0 days 00:40:00,0h 48m,40,48,8
BEL3751,A320,Brussels (BRU / EBBR),Valencia (VLC / LEVC),07.03.2024,10:56AM,07.03.2024,12:51PM,0 days 01:55:00,1h 55m,115,115,0
CES596,A320,Hong Kong Int'l (HKG / VHHH),Hangzhou Xiaoshan Int'l (HGH / ZSHC),07.03.2024,05:56PM,07.03.2024,07:43PM,0 days 01:47:00,2h 15m,107,135,28
CES6405,A320,Nanchang Changbei Int'l (KHN / ZSCN),Taiyuan Wusu (TYN / ZBYN),07.03.2024,05:56PM,07.03.2024,07:40PM,0 days 01:44:00,2h 05m,104,125,21
CSC6908,A320,Fuzhou Changle Int'l (FOC / ZSFZ),Chengdu Tianfu Int'l (TFU / ZUTF),07.03.2024,05:55PM,07.03.2024,08:50PM,0 days 02:55:00,3h 10m,175,190,15
CSN3452,A320,Kunming Changshui Int'l (KMG / ZPPP),Shenzhen Bao'an Int'l (SZX / ZGSZ),07.03.2024,05:56PM,07.03.2024,07:33PM,0 days 01:37:00,1h 40m,97,100,3
CTV412,A320,Jakarta-Soekarno-Hatta Int'l (CGK / WIII),Supadio (PNK / WIOO),07.03.2024,04:56PM,07.03.2024,06:16PM,0 days 01:20:00,1h 40m,80,100,20
EZY2106,A320,Charles de Gaulle/Roissy (CDG / LFPG),Manchester (MAN / EGCC),07.03.2024,10:57AM,07.03.2024,10:45AM,0 days 00:48:00,1h 25m,48,85,37
EZY2260,A320,Keflavik Int'l (KEF / BIKF),Manchester (MAN / EGCC),07.03.2024,09:57AM,07.03.2024,12:07PM,0 days 02:10:00,2h 40m,130,160,30
IGO5328,A320,Chatrapati Shivaji Int'l (BOM / VABB),Raipur (RPR / VERP),07.03.2024,03:27PM,07.03.2024,04:47PM,0 days 01:20:00,1h 25m,80,85,5
JST534,A320,Melbourne Tullamarine (MEL / YMML),Sydney (SYD / YSSY),07.03.2024,08:57PM,07.03.2024,10:00PM,0 days 00:50:00,1h 10m,50,70,20
SAA40,A320,OR Tambo Int'l (JNB / FAOR),Victoria Falls (FVFA),07.03.2024,11:57AM,07.03.2024,01:12PM,0 days 01:15:00,1h 15m,75,75,0
VOI953,A320,Fresno Yosemite Intl (KFAT),Don Miguel Hidalgo y Costilla Int'l (GDL / MMGL),07.03.2024,01:57AM,07.03.2024,07:09AM,0 days 03:12:00,3h 22m,192,202,10
AFL1842,A320,Sheremetyevo Int'l (SVO / UUEE),Minsk Int'l (MSQ / UMMS),07.03.2024,01:20PM,07.03.2024,02:25PM,0 days 01:21:00,1h 15m,81,75,-6
AFL2814,A320,Pulkovo (LED / ULLI),Adler-Sochi Int'l (AER / URSS),07.03.2024,01:20PM,07.03.2024,05:32PM,0 days 04:12:00,4h 35m,252,275,23
AHY8105,A320,Heydar Aliyev Int'l (GYD / UBBB),Istanbul Sabiha Gokcen Int'l (SAW / LTFJ),07.03.2024,02:21PM,07.03.2024,04:01PM,0 days 02:40:00,3h 00m,160,180,20
ARE4093,A320,Rafael Nunez Int'l (CTG / SKCG),El Dorado Int'l (BOG / SKBO),07.03.2024,05:19AM,07.03.2024,06:34AM,0 days 01:15:00,1h 34m,75,94,19
ARE4150,A320,El Dorado Int'l (BOG / SKBO),Simon Bolivar (SMR / SKSM),07.03.2024,05:18AM,07.03.2024,06:20AM,0 days 01:15:00,1h 12m,75,72,-3
AVA8452,A320,El Dorado Int'l (BOG / SKBO),Rafael Nunez Int'l (CTG / SKCG),07.03.2024,05:20AM,07.03.2024,06:31AM,0 days 01:11:00,1h 31m,71,91,20
AWQ463,A320,Lombok International (LOP / WADL),Kuala Lumpur Int'l (KUL / WMKK),07.03.2024,06:20PM,07.03.2024,09:00PM,0 days 02:40:00,2h 40m,160,160,0
BTK6372,A320,Jakarta-Soekarno-Hatta Int'l (CGK / WIII),Yogyakarta International Airport (YIA / WAHI),07.03.2024,05:19PM,07.03.2024,06:14PM,0 days 00:55:00,1h 05m,55,65,10
CCA2683,A320,Chengdu Tianfu Int'l (TFU / ZUTF),Jieyang Chaoshan International Airport (SWA / ZGOW),07.03.2024,06:22PM,07.03.2024,08:27PM,0 days 02:05:00,2h 07m,125,127,1.99999999999999
CCA8294,A320,Chengdu Tianfu Int'l (TFU / ZUTF),Wuhan Tianhe (WUH / ZHHH),07.03.2024,06:18PM,07.03.2024,07:39PM,0 days 01:24:00,1h 33m,84,93,9
CES6127,A320,Chengdu Tianfu Int'l (TFU / ZUTF),Zhanjiang (ZHA / ZGZJ),07.03.2024,06:20PM,07.03.2024,08:11PM,0 days 01:50:00,1h 55m,110,115,5
CSC6426,A320,Dalian Zhoushuizi Int'l (DLC / ZYTL),Rizhao Shanzihe (RIZ / ZSRZ),07.03.2024,06:20PM,07.03.2024,07:16PM,0 days 00:56:00,1h 06m,56,66,10
CSC8767,A320,Chengdu Shuangliu Int'l (CTU / ZUUU),Changsha Huanghua Int'l (CSX / ZGHA),07.03.2024,06:21PM,07.03.2024,07:48PM,0 days 01:23:00,1h 37m,83,97,14
CSN3040,A320,Singapore Changi (SIN / WSSS),Guangzhou Baiyun Int'l (CAN / ZGGG),07.03.2024,06:21PM,07.03.2024,09:59PM,0 days 03:37:00,3h 47m,217,227,10
CTV172,A320,Halim Perdanakusuma Int'l (HLP / WIHH),Juanda Int'l (SUB / WARR),07.03.2024,05:20PM,07.03.2024,06:25PM,0 days 01:05:00,1h 30m,65,90,25
EJU3807,A320,Malpensa Int'l (MXP / LIMC),Charles de Gaulle/Roissy (CDG / LFPG),07.03.2024,11:20AM,07.03.2024,12:10PM,0 days 00:50:00,1h 25m,50,85,35
EJU4592,A320,General Humberto Delgado Airport (LIS / LPPT),Charles de Gaulle/Roissy (CDG / LFPG),08.03.2024,10:20AM,08.03.2024,01:14PM,0 days 01:54:00,2h 22m,114,142,28
EZS1591,A320,Geneva Cointrin Int'l (GVA / LSGG),Skopje (SKP / LWSK),08.03.2024,11:19AM,08.03.2024,01:00PM,0 days 01:31:00,2h 01m,91,121,30
EZY2952,A320,Innsbruck (Kranebitten) (INN / LOWI),Bristol Int'l (BRS / EGGD),08.03.2024,11:22AM,08.03.2024,11:47AM,0 days 01:25:00,1h 55m,85,115,30
EZY7774,A320,Luxembourg Int'l (LUX / ELLX),Porto / Oporto (OPO / LPPR),08.03.2024,11:18AM,08.03.2024,12:22PM,0 days 02:03:00,2h 23m,123,143,20
FIN1362,A320,Manchester (MAN / EGCC),Helsinki-Vantaa (HEL / EFHK),08.03.2024,10:19AM,08.03.2024,02:58PM,0 days 02:30:00,3h 00m,150,180,30
GBB209,A320,OR Tambo Int'l (JNB / FAOR),King Shaka Int'l (DUR / FALE),08.03.2024,12:18PM,08.03.2024,12:56PM,0 days 00:38:00,0h 48m,38,48,10
GPX810,A320,Pristina (PRN / BKPR),Basle-Mulhouse (EAP / LFSB),08.03.2024,11:20AM,08.03.2024,01:00PM,0 days 01:40:00,1h 40m,100,100,0
IBE3010,A320,Adolfo Suárez Madrid-Barajas (MAD / LEMD),Barcelona Int'l (BCN / LEBL),08.03.2024,11:21AM,08.03.2024,12:21PM,0 days 01:00:00,1h 10m,60,70,10
JST532,A320,Melbourne Tullamarine (MEL / YMML),Sydney (SYD / YSSY),08.03.2024,09:19PM,08.03.2024,10:25PM,0 days 00:49:00,1h 16m,49,76,27
JST612,A320,Avalon (AVV / YMAV),Sydney (SYD / YSSY),08.03.2024,09:19PM,08.03.2024,10:25PM,0 days 00:51:00,1h 16m,51,76,25
ABY221,A320,Sharjah Int'l (SHJ / OMSJ),al-Jouf Domestic (AJF / OESK),08.03.2024,02:37PM,08.03.2024,04:12PM,0 days 02:35:00,2h 55m,155,175,20
AFL1387,A320,Ulyanovsk Baratayeveka Airport (ULV / UWLL),Sheremetyevo Int'l (SVO / UUEE),08.03.2024,02:38PM,08.03.2024,02:58PM,0 days 01:20:00,1h 30m,80,90,10
AIQ3215,A320,Don Muang Int'l (Old Bangkok Int'l) (DMK / VTBD),Krabi (KBV / VTSG),08.03.2024,05:37PM,08.03.2024,06:52PM,0 days 01:15:00,1h 15m,75,75,0
AIQ3557,A320,Nan (NNT / VTCN),Don Muang Int'l (Old Bangkok Int'l) (DMK / VTBD),08.03.2024,05:38PM,08.03.2024,06:28PM,0 days 00:50:00,0h 50m,50,50,0
ARE4052,A320,Alfonso Bonilla Aragon Int'l (CLO / SKCL),El Dorado Int'l (BOG / SKBO),08.03.2024,05:37AM,08.03.2024,06:16AM,0 days 00:45:00,0h 40m,45,40,-5
AWQ507,A320,Singapore Changi (SIN / WSSS),Ngurah Rai/Bali Intl (DPS / WADD),08.03.2024,06:39PM,08.03.2024,09:24PM,0 days 02:45:00,0h 37m,165,37,-128
AXM137,A320,Hong Kong Int'l (HKG / VHHH),Kuala Lumpur Int'l (KUL / WMKK),08.03.2024,06:36PM,08.03.2024,09:55PM,0 days 03:30:00,2h 35m,210,155,-55
AXM5173,A320,RMAF Labuan (LBU / WBKL),Kuala Lumpur Int'l (KUL / WMKK),08.03.2024,06:39PM,08.03.2024,08:44PM,0 days 02:05:00,2h 05m,125,125,-1.4210854715202E-14
BAW753,A320,Basle-Mulhouse (EAP / LFSB),London Heathrow (LHR / EGLL),08.03.2024,11:38AM,08.03.2024,11:46AM,0 days 01:15:00,1h 45m,75,105,30
CBJ5964,A320,Kunming Changshui Int'l (KMG / ZPPP),Shijiazhuang Zhengding International Airport (SJW / ZBSJ),08.03.2024,06:37PM,08.03.2024,09:10PM,0 days 02:33:00,2h 55m,153,175,22
CTN481,A320,Copenhagen (CPH / EKCH),Zagreb Pleso (ZAG / LDZA),08.03.2024,11:37AM,08.03.2024,01:00PM,0 days 01:30:00,1h 30m,90,90,0
CTV435,A320,Sepinggan Int'l (BPN / WALL),Juanda Int'l (SUB / WARR),08.03.2024,06:39PM,08.03.2024,06:59PM,0 days 01:20:00,1h 40m,80,100,20
DAL1294,A320,Albany Intl (KALB),Detroit Metro Wayne Co (KDTW),08.03.2024,05:37AM,08.03.2024,06:56AM,0 days 01:19:00,1h 25m,79,85,6
EJU3750,A320,Barcelona Int'l (BCN / LEBL),Malpensa Int'l (MXP / LIMC),08.03.2024,11:39AM,08.03.2024,01:45PM,0 days 02:06:00,2h 17m,126,137,11
EWG7589,A320,Palma de Mallorca (or Son Sant Joan) (PMI / LEPA),Hamburg (HAM / EDDH),08.03.2024,11:38AM,08.03.2024,02:08PM,0 days 02:30:00,2h 30m,150,150,0
FHY988,A320,Adolfo Suárez Madrid-Barajas (MAD / LEMD),,08.03.2024,11:38AM,,,,0h 06m,,6,
IAD1455,A320,Bengaluru Int'l (BLR / VOBL),Biju Patnaik (BBI / VEBS),08.03.2024,04:09PM,08.03.2024,05:49PM,0 days 01:40:00,1h 40m,100,100,0
IAD792,A320,Lokpriya Gopinath Bordoloi Int'l (GAU / VEGT),Imphal (Tulihal) (IMF / VEIM),08.03.2024,04:09PM,08.03.2024,04:46PM,0 days 00:36:00,0h 35m,36,35,-1
IBE3092,A320,Adolfo Suárez Madrid-Barajas (MAD / LEMD),Porto / Oporto (OPO / LPPR),08.03.2024,11:39AM,08.03.2024,11:39AM,0 days 01:00:00,1h 00m,60,60,0
ITY343,A320,Nice Cote d'Azur (NCE / LFMN),Leonardo da Vinci Int'l (Fiumicino Int'l) (FCO / LIRF),08.03.2024,11:38AM,08.03.2024,12:44PM,0 days 01:09:00,0h 50m,69,50,-19
JAT10,A320,Comodoro Arturo Merino Benitez Int'l (SCL / SCEL),Diego Aracena Int'l (IQQ / SCDA),08.03.2024,07:37AM,08.03.2024,09:43AM,0 days 02:06:00,2h 03m,126,123,-3.00000000000001
PGT3706,A320,Adana Şakirpaşa (ADA / LTAF),Trabzon (TZX / LTCG),08.03.2024,01:38PM,08.03.2024,02:38PM,0 days 01:00:00,1h 00m,60,60,0
SAS613,A320,Copenhagen (CPH / EKCH),Geneva Cointrin Int'l (GVA / LSGG),08.03.2024,11:38AM,08.03.2024,01:23PM,0 days 01:45:00,1h 40m,105,100,-5
SJV872,A320,Jakarta-Soekarno-Hatta Int'l (CGK / WIII),Sultan Mahmud Badaruddin II (PLM / WIPP),08.03.2024,05:38PM,08.03.2024,06:28PM,0 days 00:50:00,0h 50m,50,50,0
TAM3537,A320,São Paulo-Congonhas (CGH / SBSP),Presidente Juscelino Kubitschek Int'l (BSB / SBBR),08.03.2024,07:37AM,08.03.2024,09:07AM,0 days 01:30:00,1h 43m,90,103,13
TAP1901,A320,General Humberto Delgado Airport (LIS / LPPT),Faro (FAO / LPFR),08.03.2024,10:37AM,08.03.2024,11:07AM,0 days 00:30:00,0h 25m,30,25,-5
VJC456,A320,Phu Quoc International (PQC / VVPQ),Noi Bai Int'l (HAN / VVNB),08.03.2024,05:38PM,08.03.2024,07:28PM,0 days 01:50:00,1h 50m,110,110,0
VOI453,A320,Cancun Int'l (CUN / MMUN),General Abelardo L. Rodriguez Int'l (TIJ / MMTJ),08.03.2024,05:39AM,08.03.2024,07:07AM,0 days 04:28:00,4h 55m,268,295,26.9999999999999
WMT4659,A320,Adolfo Suárez Madrid-Barajas (MAD / LEMD),Cluj-Napoca Int'l (Someşeni) (CLJ / LRCL),08.03.2024,11:36AM,08.03.2024,03:20PM,0 days 02:44:00,2h 54m,164,174,10
AIQ3351,A320,Udon Thani Int'l (UTH / VTUD),Don Muang Int'l (Old Bangkok Int'l) (DMK / VTBD),08.03.2024,06:05PM,08.03.2024,06:50PM,0 days 00:45:00,0h 45m,45,45,0
AXM6460,A320,Kuching Int'l (KCH / WBGG),Sibu (SBW / WBGS),08.03.2024,07:06PM,08.03.2024,07:26PM,0 days 00:20:00,0h 49m,20,49,29
BAW501,A320,General Humberto Delgado Airport (LIS / LPPT),London Heathrow (LHR / EGLL),08.03.2024,11:06AM,08.03.2024,01:31PM,0 days 02:25:00,2h 40m,145,160,15
CSC3281,A320,Xi'an Xianyang Int'l (XIY / ZLXY),Yibin (YBP / ZUYB),08.03.2024,07:06PM,08.03.2024,08:29PM,0 days 01:23:00,1h 34m,83,94,11
CSN3927,A320,Changsha Huanghua Int'l (CSX / ZGHA),Taiyuan Wusu (TYN / ZBYN),08.03.2024,07:06PM,08.03.2024,08:48PM,0 days 01:42:00,1h 51m,102,111,9
CTV418,A320,Juanda Int'l (SUB / WARR),Supadio (PNK / WIOO),08.03.2024,06:05PM,08.03.2024,07:30PM,0 days 01:25:00,1h 34m,85,94,9
DAL1308,A320,Melbourne Orlando Intl (KMLB),Hartsfield-Jackson Intl (KATL),08.03.2024,06:04AM,08.03.2024,07:08AM,0 days 01:10:00,1h 55m,70,115,45
DKH1156,A320,Zhuhai Int'l (ZUH / ZGSD),Shanghai Pudong Int'l (PVG / ZSPD),08.03.2024,07:06PM,08.03.2024,09:03PM,0 days 01:51:00,2h 18m,111,138,27
EWG252,A320,Cologne Bonn (CGN / EDDK),Tenerife South (Reina Sofia) (TFS / GCTS),08.03.2024,12:05PM,08.03.2024,03:40PM,0 days 04:35:00,4h 35m,275,275,0
EZY2276,A320,Enfidha-Hammamet International Airport (NBE / DTNH),Manchester (MAN / EGCC),08.03.2024,12:05PM,08.03.2024,01:49PM,0 days 02:44:00,2h 54m,164,174,10
EZY2541,A320,London Luton (LTN / EGGW),Geneva Cointrin Int'l (GVA / LSGG),08.03.2024,11:06AM,08.03.2024,01:32PM,0 days 01:27:00,1h 47m,87,107,20
JBU592,A320,Tampa Intl (KTPA),Boston Logan Intl (KBOS),08.03.2024,06:06AM,08.03.2024,08:35AM,0 days 02:27:00,2h 52m,147,172,25
JBU959,A320,Bradley Intl (KBDL),Fort Lauderdale Intl (KFLL),08.03.2024,06:06AM,08.03.2024,08:36AM,0 days 02:30:00,2h 47m,150,167,17
KHV841,A320,Da Nang Int'l (DAD / VVDN),Siem Reap–Angkor International Airport (SAI / VDSA),08.03.2024,06:05PM,08.03.2024,07:05PM,0 days 01:00:00,1h 15m,60,75,15
LPE2042,A320,Subteniente FAP Alejandro Velasco Astete Int'l (CUZ / SPZO),Jorge Chávez Int'l (LIM / SPJC),08.03.2024,06:07AM,08.03.2024,07:12AM,0 days 01:05:00,1h 15m,65,75,9.99999999999999
NKS1589,A320,New Orleans Intl (KMSY),Newark Liberty Intl (KEWR),08.03.2024,05:05AM,08.03.2024,08:29AM,0 days 02:24:00,0h 06m,144,6,-138
OTC7204,A320,Tongren Daxing (TEN / ZUTR),Wuxi (WUX / ZSWX),08.03.2024,07:05PM,08.03.2024,08:40PM,0 days 01:35:00,1h 58m,95,118,23
QDA6074,A320,Nanjing Lukou Int'l (NKG / ZSNJ),Shenyang Taoxian Int'l (SHE / ZYTX),08.03.2024,07:05PM,08.03.2024,08:54PM,0 days 01:53:00,2h 34m,113,154,41
QDA9901,A320,Qingdao Jiaodong Int'l (TAO / ZSQD),Incheon Int'l (ICN / RKSI),08.03.2024,07:05PM,08.03.2024,09:08PM,0 days 01:04:00,1h 45m,64,105,41
SJV816,A320,Jakarta-Soekarno-Hatta Int'l (CGK / WIII),Minangkabau Int'l (replaced Tabing) (PDG / WIEE),08.03.2024,06:06PM,08.03.2024,07:31PM,0 days 01:25:00,2h 00m,85,120,35
TGW124,A320,Singapore Changi (SIN / WSSS),Changsha Huanghua Int'l (CSX / ZGHA),08.03.2024,07:06PM,08.03.2024,11:31PM,0 days 04:25:00,1h 33m,265,93,-172
AAL835,A320,Tampa Intl (KTPA),Philadelphia Intl (KPHL),08.03.2024,07:10AM,08.03.2024,09:16AM,0 days 02:06:00,2h 26m,126,146,20
AAY2828,A320,Orlando Sanford Intl (KSFB),The Eastern Iowa (KCID),08.03.2024,07:08AM,08.03.2024,09:01AM,0 days 02:37:00,2h 57m,157,177,20
AAY3150,A320,Bishop Intl (KFNT),Punta Gorda (KPGD),08.03.2024,07:09AM,08.03.2024,10:01AM,0 days 02:35:00,3h 10m,155,190,35
AAY851,A320,Punta Gorda (KPGD),Niagara Falls Intl (KIAG),08.03.2024,07:10AM,08.03.2024,09:41AM,0 days 02:31:00,2h 37m,151,157,6
AFR1747,A320,Malaga (AGP / LEMG),Charles de Gaulle/Roissy (CDG / LFPG),08.03.2024,01:09PM,08.03.2024,03:18PM,0 days 02:20:00,2h 27m,140,147,7
ARE4011,A320,Jose Maria Cordova Int'l (MDE / SKRG),El Dorado Int'l (BOG / SKBO),08.03.2024,07:09AM,08.03.2024,07:42AM,0 days 00:33:00,0h 45m,33,45,12
AVA9832,A320,El Dorado Int'l (BOG / SKBO),Los Garzones (MTR / SKMR),08.03.2024,07:09AM,08.03.2024,08:16AM,0 days 01:07:00,1h 24m,67,84,17
AXM6323,A320,Langkawi Int'l (LGK / WMKL),Kuala Lumpur Int'l (KUL / WMKK),08.03.2024,08:10PM,08.03.2024,09:05PM,0 days 00:55:00,0h 55m,55,55,0
CGZ7264,A320,Wuhan Tianhe (WUH / ZHHH),Xingyi Wanfenglin Airport (ACX / ZUYI),08.03.2024,08:10PM,08.03.2024,10:10PM,0 days 02:00:00,2h 06m,120,126,6
CQH6538,A320,Fukuoka (FUK / RJFF),Shanghai Pudong Int'l (PVG / ZSPD),08.03.2024,09:09PM,08.03.2024,09:46PM,0 days 01:37:00,2h 22m,97,142,45
CQH7550,A320,Shenyang Taoxian Int'l (SHE / ZYTX),Ningbo Lishe Int'l (NGB / ZSNB),08.03.2024,08:09PM,08.03.2024,10:26PM,0 days 02:19:00,2h 25m,139,145,6
CSN5131,A320,Changsha Huanghua Int'l (CSX / ZGHA),Quanzhou Jinjiang (JJN / ZSQZ),08.03.2024,08:08PM,08.03.2024,09:22PM,0 days 01:15:00,1h 27m,75,87,12
CSZ9215,A320,Shenzhen Bao'an Int'l (SZX / ZGSZ),Xi'an Xianyang Int'l (XIY / ZLXY),08.03.2024,08:08PM,08.03.2024,10:27PM,0 days 02:20:00,2h 29m,140,149,9
CTV84,A320,Halim Perdanakusuma Int'l (HLP / WIHH),Sultan Mahmud Badaruddin II (PLM / WIPP),08.03.2024,07:08PM,08.03.2024,07:39PM,0 days 00:49:00,1h 15m,49,75,26
EJU7980,A320,Menara Int'l (RAK / GMMX),Amsterdam Schiphol (AMS / EHAM),08.03.2024,01:08PM,08.03.2024,04:24PM,0 days 03:06:00,3h 31m,186,211,25
EWG50,A320,Cologne Bonn (CGN / EDDK),Berlin-Brandenburg (BER / EDDB),08.03.2024,01:09PM,08.03.2024,02:12PM,0 days 01:03:00,1h 13m,63,73,9.99999999999999
EZY1371,A320,Geneva Cointrin Int'l (GVA / LSGG),Valencia (VLC / LEVC),08.03.2024,01:09PM,08.03.2024,02:34PM,0 days 01:25:00,1h 44m,85,104,19
EZY330,A320,Belfast Int'l (BFS / EGAA),Edinburgh (EDI / EGPH),08.03.2024,12:08PM,08.03.2024,12:31PM,0 days 00:21:00,0h 52m,21,52,31
EZY8697,A320,London Gatwick (LGW / EGKK),Innsbruck (Kranebitten) (INN / LOWI),08.03.2024,12:09PM,08.03.2024,02:31PM,0 days 01:22:00,1h 45m,82,105,23
FLI453,A320,Copenhagen (CPH / EKCH),Vagar (FAE / EKVG),08.03.2024,01:08PM,08.03.2024,02:05PM,0 days 01:55:00,2h 30m,115,150,35
GLG1688,A320,Mariscal Sucre Int'l (UIO / SEQM),Seymour (GPS / SEGS),08.03.2024,07:09AM,08.03.2024,08:13AM,0 days 02:04:00,2h 35m,124,155,31
GXA3139,A320,Miami Intl (KMIA),Jose Marti Int'l (HAV / MUHA),08.03.2024,07:08AM,08.03.2024,07:55AM,0 days 00:47:00,0h 47m,47,47,0
QTR1072,A320,Hamad Int'l (DOH / OTHH),Kuwait Int'l (KWI / OKKK),08.03.2024,03:11PM,08.03.2024,04:21PM,0 days 01:10:00,1h 22m,70,82,12
SJV191,A320,Kuala Lumpur Int'l (KUL / WMKK),Sultan Syarif Qasim II Int'l (Simpang Tiga) (PKU / WIBB),08.03.2024,08:08PM,08.03.2024,07:43PM,0 days 00:35:00,0h 35m,35,35,0
TAP1902,A320,Faro (FAO / LPFR),General Humberto Delgado Airport (LIS / LPPT),08.03.2024,12:09PM,08.03.2024,12:53PM,0 days 00:44:00,0h 59m,44,59,15
THA211,A320,Suvarnabhumi Bangkok Int'l (BKK / VTBS),Phuket Int'l (HKT / VTSP),08.03.2024,07:09PM,08.03.2024,08:33PM,0 days 01:24:00,1h 30m,84,90,6
THY402,A320,Pulkovo (LED / ULLI),Istanbul Airport (IST / LTFM),08.03.2024,03:09PM,08.03.2024,07:00PM,0 days 03:51:00,4h 16m,231,256,25
UAL1035,A320,Reagan National (KDCA),Chicago O'Hare Intl (KORD),08.03.2024,07:10AM,08.03.2024,07:55AM,0 days 01:50:00,2h 08m,110,128,18
VIV1057,A320,Don Miguel Hidalgo y Costilla Int'l (GDL / MMGL),Lic. Benito Juarez Int'l (MEX / MMMX),08.03.2024,06:10AM,08.03.2024,07:15AM,0 days 01:05:00,1h 15m,65,75,9.99999999999999
VIV4162,A320,General Mariano Escobedo Int'l (MTY / MMMY),General Heriberto Jara Int'l (VER / MMVR),08.03.2024,06:10AM,08.03.2024,07:25AM,0 days 01:15:00,1h 30m,75,90,15
VLG8722,A320,Barcelona Int'l (BCN / LEBL),Dublin Int'l (DUB / EIDW),08.03.2024,01:10PM,08.03.2024,02:38PM,0 days 02:28:00,2h 48m,148,168,20
VTI563,A320,Chatrapati Shivaji Int'l (BOM / VABB),Jaipur (Sanganer) (JAI / VIJP),08.03.2024,05:38PM,08.03.2024,07:13PM,0 days 01:35:00,2h 04m,95,124,29
AAY1191,A320,Bismarck Muni (KBIS),Orlando Sanford Intl (KSFB),09.03.2024,02:11PM,09.03.2024,06:22PM,0 days 03:11:00,4h 35m,191,275,84
AFR1274,A320,Charles de Gaulle/Roissy (CDG / LFPG),"Oslo, Gardermoen (OSL / ENGM)",09.03.2024,09:09PM,09.03.2024,11:02PM,0 days 01:55:00,2h 10m,115,130,15
ANZ413,A320,Auckland (AKL / NZAA),Wellington Int'l (WLG / NZWN),10.03.2024,09:07AM,10.03.2024,10:02AM,0 days 00:50:00,1h 12m,50,72,22
ARE4062,A320,Alfonso Bonilla Aragon Int'l (CLO / SKCL),El Dorado Int'l (BOG / SKBO),09.03.2024,03:06PM,09.03.2024,03:42PM,0 days 00:36:00,0h 46m,36,46,10
ARE4265,A320,Gustavo Rojas Pinilla Int'l (Sesquicentenario) (ADZ / SKSP),El Dorado Int'l (BOG / SKBO),09.03.2024,03:11PM,09.03.2024,04:39PM,0 days 01:37:00,1h 38m,97,98,1
AUA327,A320,Vienna Int'l (Schwechat) (VIE / LOWW),Keflavik Int'l (KEF / BIKF),09.03.2024,09:09PM,10.03.2024,12:14AM,0 days 04:05:00,4h 30m,245,270,25
AVA9397,A320,Los Garzones (MTR / SKMR),El Dorado Int'l (BOG / SKBO),09.03.2024,03:07PM,09.03.2024,04:03PM,0 days 00:56:00,1h 26m,56,86,30
AVA9714,A320,El Dorado Int'l (BOG / SKBO),Simon Bolivar (SMR / SKSM),09.03.2024,03:09PM,09.03.2024,03:57PM,0 days 00:47:00,1h 09m,47,69,22
AZU4816,A320,Marechal Cunha Machado Int'l (SLZ / SBSL),Viracopos Int'l (VCP / SBKP),09.03.2024,05:07PM,09.03.2024,08:13PM,0 days 03:02:00,3h 26m,182,206,24
CEB279,A320,Manila Int'l (MNL / RPLL),Ngurah Rai/Bali Intl (DPS / WADD),10.03.2024,04:10AM,10.03.2024,07:55AM,0 days 03:45:00,3h 40m,225,220,-5
CES2804,A320,Suvarnabhumi Bangkok Int'l (BKK / VTBS),Nanjing Lukou Int'l (NKG / ZSNJ),10.03.2024,03:07AM,10.03.2024,07:20AM,0 days 03:26:00,4h 05m,206,245,39
EIN875,A320,Tenerife South (Reina Sofia) (TFS / GCTS),Cork Int'l (ORK / EICK),09.03.2024,08:06PM,09.03.2024,11:41PM,0 days 03:39:00,3h 58m,219,238,19
EJU7619,A320,General Humberto Delgado Airport (LIS / LPPT),Nantes Atlantique (NTE / LFRS),09.03.2024,08:07PM,09.03.2024,10:34PM,0 days 01:27:00,1h 51m,87,111,24
ETD372,A320,Bahrain Int'l (BAH / OBBI),Abu Dhabi Int'l (AUH / OMAA),09.03.2024,11:08PM,10.03.2024,12:59AM,0 days 00:52:00,1h 09m,52,69,17
FIN503,A320,General Humberto Delgado Airport (LIS / LPPT),London Heathrow (LHR / EGLL),09.03.2024,08:10PM,09.03.2024,10:30PM,0 days 02:20:00,2h 20m,140,140,0
FJL743,A320,Sharjah Int'l (SHJ / OMSJ),Islamabad International Airport (ISB / OPIS),10.03.2024,12:09AM,10.03.2024,03:44AM,0 days 02:35:00,2h 45m,155,165,10
IBS3733,A320,Lyon (LYS / LFLL),Adolfo Suárez Madrid-Barajas (MAD / LEMD),09.03.2024,09:10PM,09.03.2024,10:40PM,0 days 01:30:00,1h 40m,90,100,10
ISR728,A320,Budapest Ferenc Liszt International Airport (BUD / LHBP),Ben Gurion Int'l (TLV / LLBG),09.03.2024,09:06PM,10.03.2024,01:00AM,0 days 02:50:00,3h 04m,170,184,14
JAP7780,A320,Jorge Chávez Int'l (LIM / SPJC),,09.03.2024,03:09PM,,,,0h 07m,,7,
JBU1284,A320,Orlando Intl (KMCO),John F Kennedy Intl (KJFK),09.03.2024,03:10PM,09.03.2024,05:02PM,0 days 01:53:00,2h 45m,113,165,52
JBU18,A320,Fort Lauderdale Intl (KFLL),Jacksonville Intl (KJAX),09.03.2024,03:07PM,09.03.2024,03:49PM,0 days 00:59:00,1h 18m,59,78,19
JBU953,A320,John F Kennedy Intl (KJFK),Palm Beach Intl (KPBI),09.03.2024,03:09PM,09.03.2024,05:38PM,0 days 02:29:00,4h 42m,149,282,133
JST401,A320,Gold Coast (OOL / YBCG),Sydney (SYD / YSSY),10.03.2024,06:08AM,10.03.2024,08:14AM,0 days 00:50:00,1h 16m,50,76,26
LRC698,A320,El Dorado Int'l (BOG / SKBO),Juan Santamaria Int'l (SJO / MROC),09.03.2024,03:10PM,09.03.2024,04:10PM,0 days 02:00:00,2h 52m,120,172,52
MSC2932,A320,Hurghada (HRG / HEGN),Hanover/Langenhagen Int'l (HAJ / EDDV),09.03.2024,10:10PM,10.03.2024,02:00AM,0 days 04:50:00,4h 50m,290,290,0
NIA143,A320,Cairo Int'l (CAI / HECA),Abha Regional (AHB / OEAB),09.03.2024,10:09PM,10.03.2024,01:29AM,0 days 02:20:00,2h 20m,140,140,0
PGT2264,A320,Istanbul Sabiha Gokcen Int'l (SAW / LTFJ),Milas-Bodrum (BJV / LTFE),09.03.2024,11:11PM,10.03.2024,12:11AM,0 days 01:00:00,1h 05m,60,65,5
PGT281,A320,Istanbul Sabiha Gokcen Int'l (SAW / LTFJ),Rinas Mother Teresa (TIA / LATI),09.03.2024,11:07PM,09.03.2024,10:42PM,0 days 01:35:00,2h 13m,95,133,38
RJA672,A320,Queen Alia Int'l (AMM / OJAI),Bahrain Int'l (BAH / OBBI),09.03.2024,11:09PM,10.03.2024,01:19AM,0 days 02:10:00,2h 20m,130,140,9.99999999999997
TAM3069,A320,Afonso Pena Int'l (CWB / SBCT),São Paulo-Congonhas (CGH / SBSP),09.03.2024,05:07PM,09.03.2024,05:52PM,0 days 00:45:00,0h 45m,45,45,0
TVJ3820,A320,Suvarnabhumi Bangkok Int'l (BKK / VTBS),Taiwan Taoyuan Int'l (TPE / RCTP),10.03.2024,03:11AM,10.03.2024,07:31AM,0 days 03:20:00,3h 20m,200,200,0
UAL1555,A320,Lic. Gustavo Diaz Ordaz Int'l (PVR / MMPR),Chicago O'Hare Intl (KORD),09.03.2024,02:09PM,09.03.2024,05:48PM,0 days 03:39:00,3h 58m,219,238,19
UAL1655,A320,Calgary Int'l (CYYC),Chicago O'Hare Intl (KORD),09.03.2024,01:07PM,09.03.2024,05:08PM,0 days 03:01:00,3h 21m,181,201,20
VLG1290,A320,Barcelona Int'l (BCN / LEBL),La Coruna (LCG / LECO),09.03.2024,09:11PM,09.03.2024,10:41PM,0 days 01:30:00,1h 30m,90,90,0
VLG3000,A320,Barcelona Int'l (BCN / LEBL),Gran Canaria Int'l (LPA / GCLP),09.03.2024,09:07PM,09.03.2024,11:10PM,0 days 03:05:00,3h 27m,185,207,22
VOE2659,A320,Es Senia (ORN / DAOO),Marseille Provence (MRS / LFML),09.03.2024,09:07PM,09.03.2024,10:30PM,0 days 01:25:00,1h 33m,85,93,8
VOI310,A320,Cancun Int'l (CUN / MMUN),Juan Santamaria Int'l (SJO / MROC),09.03.2024,03:08PM,09.03.2024,03:54PM,0 days 01:53:00,2h 09m,113,129,16
VOI843,A320,is Aeropuerto Nacional de Colima-Lic. Miguel de la Madrid (CLQ / MMIA),General Abelardo L. Rodriguez Int'l (TIJ / MMTJ),09.03.2024,02:06PM,09.03.2024,02:51PM,0 days 02:46:00,3h 04m,166,184,18
VOI877,A320,General Abelardo L. Rodriguez Int'l (TIJ / MMTJ),Lic. Benito Juarez Int'l (MEX / MMMX),09.03.2024,12:08PM,09.03.2024,05:05PM,0 days 02:57:00,3h 21m,177,201,24
VTI236,A320,King Abdulaziz Int'l (JED / OEJN),Chatrapati Shivaji Int'l (BOM / VABB),09.03.2024,11:11PM,10.03.2024,06:51AM,0 days 05:10:00,5h 43m,310,343,33
AAY2532,A320,Chicago/Rockford Intl (KRFD),Punta Gorda (KPGD),09.03.2024,03:01PM,09.03.2024,06:57PM,0 days 02:35:00,3h 13m,155,193,38
AAY3027,A320,Clearwater Intl (KPIE),McGhee Tyson (KTYS),09.03.2024,04:01PM,09.03.2024,05:20PM,0 days 01:21:00,1h 25m,81,85,4
AEE6005,A320,"Thessaloniki Int'l, Makedonia (SKG / LGTS)",,09.03.2024,11:00PM,,,,0h 12m,,12,
ANZ416,A320,Wellington Int'l (WLG / NZWN),Auckland (AKL / NZAA),10.03.2024,10:01AM,10.03.2024,10:54AM,0 days 00:45:00,1h 09m,45,69,24
ARE4372,A320,El Dorado Int'l (BOG / SKBO),Gustavo Rojas Pinilla Int'l (Sesquicentenario) (ADZ / SKSP),09.03.2024,04:02PM,09.03.2024,06:01PM,0 days 01:50:00,2h 09m,110,129,19
ARE4407,A320,Orlando Intl (KMCO),El Dorado Int'l (BOG / SKBO),09.03.2024,04:02PM,09.03.2024,07:53PM,0 days 03:32:00,4h 06m,212,246,34
AZU4275,A320,Campo Grande Int'l (CGR / SBCG),Marechal Rondon (CGB / SBCY),09.03.2024,05:01PM,09.03.2024,05:55PM,0 days 00:41:00,1h 16m,41,76,35
BIX2517,A320,Gran Canaria Int'l (LPA / GCLP),,09.03.2024,09:01PM,,,,0h 11m,,11,
CEB619,A320,Manila Int'l (MNL / RPLL),Bohol-Panglao (TAG / RPSP),10.03.2024,05:00AM,10.03.2024,06:30AM,0 days 01:25:00,1h 40m,85,100,15
CES212,A320,Manila Int'l (MNL / RPLL),Shanghai Pudong Int'l (PVG / ZSPD),10.03.2024,05:01AM,10.03.2024,07:40AM,0 days 02:43:00,3h 05m,163,185,22
DAL1078,A320,Valley Intl (KHRL),Minneapolis/St Paul Intl (KMSP),09.03.2024,03:02PM,09.03.2024,05:42PM,0 days 02:41:00,2h 55m,161,175,14
EIN529,A320,Charles de Gaulle/Roissy (CDG / LFPG),Dublin Int'l (DUB / EIDW),09.03.2024,10:01PM,09.03.2024,10:05PM,0 days 01:14:00,1h 34m,74,94,20
EIN799,A320,İzmir Adnan Menderes Int'l (ADB / LTBJ),Dublin Int'l (DUB / EIDW),10.03.2024,12:00AM,10.03.2024,01:15AM,0 days 04:15:00,4h 34m,255,274,19
EZY3020,A320,Arrecife (Lanzarote) (ACE / GCRR),Belfast Int'l (BFS / EGAA),09.03.2024,09:01PM,10.03.2024,12:55AM,0 days 03:56:00,4h 14m,236,254,18
KAC344,A320,Chennai Int'l (MAA / VOMM),Kuwait Int'l (KWI / OKKK),10.03.2024,02:30AM,10.03.2024,05:30AM,0 days 05:20:00,5h 40m,320,340,20
LAN13,A320,Comodoro Arturo Merino Benitez Int'l (SCL / SCEL),,09.03.2024,06:01PM,,,,0h 12m,,12,
N230AC,A320,Los Garzones (MTR / SKMR),,09.03.2024,04:00PM,,,,0h 11m,,11,
SDM6024,A320,Vnukovo (VKO / UUWW),Pulkovo (LED / ULLI),10.03.2024,12:00AM,10.03.2024,12:55AM,0 days 01:00:00,1h 05m,60,65,5
UAL1009,A320,Denver Intl (KDEN),Nashville Intl (KBNA),09.03.2024,02:02PM,09.03.2024,05:16PM,0 days 02:01:00,2h 27m,121,147,26
VIV4227,A320,General Rodolfo Sanchez Taboada Int'l (MXL / MMML),General Mariano Escobedo Int'l (MTY / MMMY),09.03.2024,01:02PM,09.03.2024,04:55PM,0 days 01:59:00,2h 03m,119,123,4
VIV9387,A320,General Lucio Blanco Int'l (REX / MMRX),Mexico City Santa Lucía Airport (NLU / MMSM),09.03.2024,03:00PM,09.03.2024,04:15PM,0 days 01:15:00,1h 15m,75,75,0
VLG3519,A320,Barcelona Int'l (BCN / LEBL),Ibiza (IBZ / LEIB),09.03.2024,10:02PM,09.03.2024,10:45PM,0 days 00:36:00,0h 53m,36,53,17
VLG3953,A320,Valencia (VLC / LEVC),Palma de Mallorca (or Son Sant Joan) (PMI / LEPA),09.03.2024,10:00PM,09.03.2024,10:46PM,0 days 00:33:00,0h 55m,33,55,22
VLG6575,A320,Asturias (OVD / LEAS),Gran Canaria Int'l (LPA / GCLP),09.03.2024,10:00PM,09.03.2024,11:35PM,0 days 02:35:00,2h 45m,155,165,10
AAY2532,A320,Chicago/Rockford Intl (KRFD),Punta Gorda (KPGD),09.03.2024,03:01PM,09.03.2024,06:57PM,0 days 02:35:00,3h 13m,155,193,38
ABQ170,A320,Jinnah Int'l (KHI / OPKC),King Abdulaziz Int'l (JED / OEJN),10.03.2024,03:06AM,10.03.2024,06:01AM,0 days 04:55:00,5h 05m,295,305,10
ABY518,A320,Sharjah Int'l (SHJ / OMSJ),Shahjalal International Airport (DAC / VGHS),10.03.2024,02:03AM,10.03.2024,08:08AM,0 days 04:05:00,4h 15m,245,255,9.99999999999997
ABY562,A320,Sharjah Int'l (SHJ / OMSJ),Faisalabad Int'l (LYP / OPFA),10.03.2024,02:06AM,10.03.2024,05:31AM,0 days 02:25:00,2h 35m,145,155,10
AVA9399,A320,Antonio Narino (PSO / SKPS),El Dorado Int'l (BOG / SKBO),09.03.2024,05:06PM,09.03.2024,05:55PM,0 days 00:16:00,1h 17m,16,77,61
AVA9780,A320,El Dorado Int'l (BOG / SKBO),Gustavo Rojas Pinilla Int'l (Sesquicentenario) (ADZ / SKSP),09.03.2024,05:05PM,09.03.2024,06:33PM,0 days 01:27:00,2h 13m,87,133,46
AWQ200,A320,Jakarta-Soekarno-Hatta Int'l (CGK / WIII),Kuala Lumpur Int'l (KUL / WMKK),10.03.2024,05:03AM,10.03.2024,07:43AM,0 days 01:40:00,1h 40m,100,100,0
AXM5135,A320,Kota Kinabalu Int'l (BKI / WBKK),Kuala Lumpur Int'l (KUL / WMKK),10.03.2024,06:03AM,10.03.2024,08:20AM,0 days 02:10:00,2h 27m,130,147,17
BTK6672,A320,Jakarta-Soekarno-Hatta Int'l (CGK / WIII),APT Pranoto (AAP / WALS),10.03.2024,05:05AM,10.03.2024,08:05AM,0 days 02:00:00,2h 10m,120,130,10
CEB373,A320,Manila Int'l (MNL / RPLL),Roxas (RXS / RPVR),10.03.2024,06:05AM,10.03.2024,07:00AM,0 days 00:55:00,1h 00m,55,60,5
CEB893,A320,Manila Int'l (MNL / RPLL),Caticlan (Godofredo P. Ramos) (MPH / RPVE),10.03.2024,06:03AM,10.03.2024,06:40AM,0 days 00:50:00,0h 47m,50,47,-3
EZY7604,A320,Charles de Gaulle/Roissy (CDG / LFPG),General Humberto Delgado Airport (LIS / LPPT),09.03.2024,11:03PM,10.03.2024,12:10AM,0 days 01:53:00,2h 27m,113,147,34
GLG1639,A320,Jose Joaquin de Olmedo Int'l (GYE / SEGU),,09.03.2024,05:06PM,,,,0h 04m,,4,
JAP7294,A320,Jorge Chávez Int'l (LIM / SPJC),,09.03.2024,05:05PM,,,,0h 05m,,5,
JBU1825,A320,Fort Lauderdale Intl (KFLL),Jorge Chávez Int'l (LIM / SPJC),09.03.2024,05:03PM,09.03.2024,10:21PM,0 days 05:25:00,2h 48m,325,168,-157
JBU1968,A320,Punta Cana Int'l (PUJ / MDPC),John F Kennedy Intl (KJFK),09.03.2024,06:07PM,09.03.2024,08:39PM,0 days 03:32:00,3h 51m,212,231,19
JST201,A320,Sydney (SYD / YSSY),Auckland (AKL / NZAA),10.03.2024,09:06AM,10.03.2024,01:58PM,0 days 02:52:00,3h 16m,172,196,24
JST471,A320,Newcastle-Williamtown Airport / RAAF (NTL / YWLM),Melbourne Tullamarine (MEL / YMML),10.03.2024,09:04AM,10.03.2024,10:25AM,0 days 01:01:00,1h 31m,61,91,30
JZR335,A320,Kuwait Int'l (KWI / OKKK),Domodedovo Int'l (DME / UUDD),10.03.2024,01:07AM,10.03.2024,05:42AM,0 days 04:35:00,4h 43m,275,283,8
LPE2265,A320,Padre Jose de Aldamiz Int'l (PEM / SPTU),Jorge Chávez Int'l (LIM / SPJC),09.03.2024,05:05PM,09.03.2024,06:35PM,0 days 01:15:00,1h 40m,75,100,25
RZO175,A320,Porto / Oporto (OPO / LPPR),Ponta Delgada Joao Paulo II (PDL / LPPD),09.03.2024,10:04PM,09.03.2024,11:15PM,0 days 02:10:00,2h 30m,130,150,20
VOI1035,A320,Mexico City Santa Lucía Airport (NLU / MMSM),Don Miguel Hidalgo y Costilla Int'l (GDL / MMGL),09.03.2024,04:06PM,09.03.2024,05:15PM,0 days 01:09:00,1h 19m,69,79,10
VOI499,A320,Del Bajio Guanajuato Int'l (BJX / MMLO),General Abelardo L. Rodriguez Int'l (TIJ / MMTJ),09.03.2024,04:04PM,09.03.2024,04:54PM,0 days 02:47:00,3h 11m,167,191,24
VOI924,A320,Lic. Jesus Teran Peredo Int'l (AGU / MMAS),Los Angeles Intl (KLAX),09.03.2024,04:05PM,09.03.2024,04:45PM,0 days 02:40:00,3h 00m,160,180,20
VOI967,A320,Harry Reid Intl (KLAS),Lic. Benito Juarez Int'l (MEX / MMMX),09.03.2024,02:04PM,09.03.2024,07:25PM,0 days 03:17:00,3h 53m,197,233,36
